,Train_MAE,Train_RMSE,MAE,RMSE
0,0.0030751696304691344,0.009180948242389854,0.10829865224516279,0.19381622254331013
1,0.003309131144729429,0.009590510526836788,0.04268008821187925,0.06311808818111733
2,0.003145229443170791,0.009159593738973066,0.06867551335890126,0.13888479088868977
3,0.0035333258998259945,0.009699897838647137,0.05089158886728777,0.07934670794254661
4,0.003213458133780652,0.009577403142224524,0.07328805896831005,0.11839816274568996
5,0.0033339154256481875,0.00962076048558565,0.07073130442180812,0.1072738292413664
6,0.0016866156426618634,0.00609392514210118,0.06711855600651434,0.09481272531591634
7,0.0033472657587961235,0.009611438634753257,0.05935174638994661,0.11109065611888731
8,0.0029471275354084206,0.00909802979384169,0.07962088567222572,0.1380380706607156
9,0.003328196530485938,0.009605177244325547,0.05623450206308695,0.10419776031766956
10,0.003317545042660883,0.009584163633218366,0.049288649079077866,0.07691844998168519
11,0.0031682601757478082,0.009496845615579797,0.057291986562610336,0.08410419432917264
12,0.0027709625273770215,0.008605086903675462,0.0651266289779528,0.0943171988418193
13,0.0032861245653916463,0.009599542128365316,0.041509174903745484,0.07357762461436362
14,0.0026496488135144647,0.008446758137651228,0.046582254154648214,0.07984256707383021
15,0.002988163669839844,0.008853846727322626,0.05138278606519731,0.09023016031750561
16,0.0027656831070131714,0.008779442354361162,0.06683914517557413,0.0971656339754434
17,0.0032437327874682022,0.009603135690554338,0.06131617266410153,0.08496314327390293
18,0.0026882426636550437,0.008472785544082996,0.07356739663311015,0.12225083921186664
19,0.003392276923275062,0.009629027272909756,0.050479558301137595,0.07518290219032459
20,0.003219116904747116,0.009488416411664955,0.07222478203287977,0.11501124149797355
21,0.0032537623633144834,0.00955806531069342,0.05904505974819938,0.08065048564316162
22,0.0024741168084245254,0.00815523841084553,0.07801608462518446,0.13884010666655153
23,0.0033869184196640284,0.009594537648553577,0.0686685199757327,0.10711594640533384
24,0.0033849239218647358,0.009642747826208855,0.06274841898146753,0.10048063827115278
25,0.0033256328947326194,0.009618325007795189,0.06819462083010383,0.10570034321756373
26,0.0033439797168914966,0.009628339056291811,0.05513835037168192,0.08170272332309708
27,0.0015643570327122127,0.005910790253091348,0.05758165923149087,0.07602354324772147
28,0.0024828405657489148,0.007786691476310187,0.08303621849357258,0.14345230623910254
29,0.003167963356122844,0.009479438977529364,0.06281698537558186,0.08754792412956375
30,0.003071460289577639,0.00913892812113282,0.0633520636229003,0.1059661304189572
31,0.0014595270145208751,0.0055649551364034665,0.07862122456066661,0.1355724549362377
32,0.0026380095739480802,0.008536262030823397,0.05506010112647974,0.07632206451271385
33,0.0015083913110081235,0.005893062881155903,0.07570633959125546,0.13431190878858854
34,0.0016155458269790327,0.006060080823208272,0.07175207070657277,0.096623508242838
35,0.003029972472902211,0.008855016172289487,0.061320458526407544,0.12291757381517739
36,0.0027415076772230895,0.008587250121879476,0.05157031342691574,0.08239689915683972
37,0.003441813307394953,0.00966218329796593,0.04373921990555111,0.07882927660408276
38,0.003364708382951846,0.009619075617516874,0.09893803896716888,0.1872654909928018
39,0.0032479636174423607,0.009589046872458033,0.05790782786864,0.0860284419236026
40,0.003317874804817791,0.009594712274228513,0.07654544678710341,0.12745867523085877
41,0.0028801936640047055,0.008857817647021092,0.05640415694491951,0.07758709316132358
42,0.0030898074538992576,0.009438585164676145,0.05259928966868613,0.06904267705329341
43,0.003483027240721201,0.009656875289269163,0.08531586386320271,0.16297882972895952
44,0.0032369524942506144,0.009566694823729476,0.06273412632289066,0.0907177096984409
45,0.0033969068864083797,0.009633694828448173,0.04816861056380795,0.08530408007453359
46,0.0029196963558137563,0.009068603304639428,0.06715361943816332,0.1069042645963045
47,0.0030601249272893425,0.009415458117615598,0.04757988437648914,0.06964019707171967
48,0.002852758595908953,0.009047644358818803,0.07550618905706237,0.1275832308776833
49,0.003296781206144952,0.009600978853728624,0.05568096073494767,0.07906775866591785
50,0.003439102270797757,0.009637723706997416,0.08171508674348021,0.13691531453510372
51,0.003376750673897422,0.009631442863100404,0.05553122980542621,0.08051870194318839
52,0.003348986024726523,0.009637712544046698,0.10783900949754978,0.19833499155356052
53,0.0029406678915220624,0.009071006965659373,0.04062827020347987,0.05899940285738348
54,0.0031305041782402365,0.00945314417649456,0.05680765982328264,0.09454129671203314
55,0.0032608523174984805,0.009585940207959082,0.07013385732279222,0.0995385102554865
56,0.0032485627631098314,0.009572121534339147,0.05923613657559855,0.08775356403393525
57,0.002998425603765844,0.008902674047280318,0.07668424225573034,0.11246782051820473
58,0.00163574401098375,0.006068352726317537,0.03957966387682101,0.05450481496552424
59,0.0032802443539207363,0.009610858551137627,0.052944665068851024,0.09034488657428619
60,0.0030315381731734433,0.00916132820990044,0.05971402241456028,0.11142813990653205
61,0.0032919660085468376,0.009559571083183541,0.08097760085522786,0.13296864900528976
62,0.0023972219753615725,0.007759327142877789,0.08251390385461196,0.13718585614191744
63,0.0031104379155634638,0.009467505653942637,0.055488781513005785,0.08395825721786437
64,0.0017537400020859414,0.006104822992014512,0.05329045783131522,0.0830643320467971
65,0.00292271001913057,0.008851949851616482,0.08042865536810667,0.14435367556402776
66,0.0032105891155488004,0.00954131692548179,0.05956095522301745,0.10050855583532324
67,0.0010756465956753118,0.004630014455616886,0.07812358058474989,0.10607076442503602
68,0.0017511128593599753,0.006114988264920368,0.057052312064379315,0.09028962073109631
69,0.0033011919926457145,0.009612658688213566,0.06722279999753457,0.1327131332529177
70,0.0032132920182422688,0.009555141030167549,0.07707854988302944,0.10437973904665128
71,0.002473148305483477,0.008261942938777668,0.04567156424362124,0.0723365086763096
72,0.0014328189473119912,0.005542157861789297,0.0500055809407659,0.0859628857282469
73,0.003347679969142639,0.009630644207809229,0.054171230026575194,0.08385759613020889
74,0.00318288945334458,0.009560988012933947,0.06071447922575529,0.08242628826446374
75,0.0024566567770754094,0.0077468292522937165,0.08693695701497407,0.15183421320994628
76,0.003529782517065239,0.009692289495846293,0.06615946084801123,0.10665910092472439
77,0.0029800245032811094,0.008843144407113276,0.05356635911271106,0.10777791697414374
78,0.0033471451793272338,0.009627361162583394,0.05042203698762587,0.07728026257241186
79,0.002799634572284928,0.008780450203267244,0.05419314162432064,0.07978559962532981
80,0.002116920630052709,0.007465102559312346,0.07428146548877987,0.1343548703563262
81,0.002213605120856852,0.007518630545134286,0.06519913946933892,0.09583954181471259
82,0.003346458052174044,0.00961748086722148,0.05417515288728672,0.09007735153557611
83,0.002772724120154114,0.008605034794961991,0.056427855432826905,0.09109730369560386
84,0.003281934636687382,0.009601996432152447,0.04876046883831612,0.06755467580594407
85,0.0032198302161129937,0.00956904149746221,0.06200397401667199,0.12980958385880206
86,0.002768447186988879,0.008719323729045683,0.07359823464915222,0.12661785877278203
87,0.0030361649811224095,0.008887392756853203,0.05624409410451274,0.08466431614219672
88,0.0034193883342726254,0.009651595078041794,0.047808774858754906,0.07912021080056138
89,0.0028930096025509494,0.009060627486006452,0.05039175221726422,0.06874298294880145
90,0.002843436481366355,0.008757632578047372,0.057319020273053474,0.0873411301139954
91,0.002664561987656319,0.008479544612800859,0.06088496367874787,0.08366434308457976
92,0.003338365473232503,0.009618666823099361,0.06496578483783964,0.0967552769330288
93,0.0029945948765835143,0.009104498792620642,0.07520713623385103,0.10694558198565682
94,0.003351962868872272,0.009595130786263919,0.0772150092222913,0.13513590898155936
95,0.003097658339821764,0.009262321039065146,0.07602856972842448,0.1393739105051995
96,0.0033851488024528634,0.00963212163621712,0.054197392761056715,0.10110020180046551
97,0.00270571607756374,0.008488815237012285,0.07960706951682575,0.13645429474676316
98,0.0017542725520687593,0.006104926014782915,0.055209835049244975,0.09878618442327186
99,0.00340314337076464,0.009652095663982984,0.07271786995925274,0.12733216904912464
100,0.0033622976109885646,0.009624608879982838,0.08781212977923712,0.14803627380377363
101,0.003099752640093646,0.009459600914222842,0.05730805780993631,0.08205885703450473
102,0.003436115761512405,0.009660375083112646,0.049220466293878794,0.09682231917139295
103,0.003109811750016568,0.00947313823260981,0.057828350084693246,0.08646175899976048
104,0.002886164355596231,0.008989501894833817,0.060072819243165175,0.08256445312857359
105,0.003215964952446737,0.009566963256403509,0.06062760403673458,0.08571628036421734
106,0.0020227851648966844,0.007466018634357588,0.07772047973901258,0.10512133067815932
107,0.0027785062689528834,0.008613543424316453,0.055181793416758655,0.08547176655671823
108,0.0034454244609939816,0.009659187525327233,0.058485979551919934,0.0905918231707146
109,0.001956775864846312,0.007305191654656216,0.05248740412841936,0.0805404671912951
110,0.003292287346560948,0.009587222273967366,0.059206159116079515,0.10162099616405026
111,0.0034120266664281916,0.009619851436613971,0.08767868429566864,0.15037875529612962
112,0.003253058615179969,0.009583743397213485,0.04626876567262803,0.07260627487559493
113,0.0013723448686085633,0.005529799566481597,0.05128731234700844,0.06879811592001933
114,0.002745200286493586,0.008581176309812005,0.048203430416574315,0.07426068869296946
115,0.0030141677565300564,0.00888420233539724,0.048264049275146145,0.09030019343954179
116,0.0013790246380044773,0.005331304496961817,0.04851926680820374,0.0752658134749178
117,0.002322573145444597,0.007762467744324773,0.05893584376252786,0.07844832938241195
118,0.0027540674960480913,0.008505538835140207,0.08919056147531607,0.15541014949471116
119,0.003291199090927927,0.009602247574362104,0.07590903351719314,0.12519542081381893
120,0.003320270735233725,0.009630305120580303,0.0646902432499054,0.08951218300551932
121,0.003327295124519548,0.009624250359577514,0.07301486358139694,0.13246395481636558
122,0.003265552763813008,0.0095985012065889,0.05590273803147182,0.08051214615729496
123,0.0034269072268244766,0.009650499099313507,0.05304744366839914,0.07551739824477288
124,0.0029832478822014678,0.008861742939918182,0.06117026718549528,0.08727301108278444
125,0.0016444138363809083,0.006084161485682151,0.05035138910649721,0.07178491341544371
126,0.002788553018937685,0.008954166182421473,0.05576699374160666,0.07924557235884246
127,0.0032223349732585045,0.009549653037557214,0.09942765227753643,0.16080967151507433
128,0.0015045017914652316,0.005873049940340706,0.05052014048003493,0.0728276791846944
129,0.0013448106183700497,0.005310174537617026,0.04648320902299013,0.06307906838742737
130,0.0017233481389346563,0.006101241320342414,0.051202596787920614,0.07405777078131713
131,0.0033064858985889043,0.009589971123242376,0.059839587689767354,0.09975585766633542
132,0.002641837396002009,0.008183531088940819,0.053801790437737834,0.08225582212055194
133,0.002898943343700421,0.008829568969073307,0.04590702859097678,0.061253554676722305
134,0.0012489131108001147,0.004859314920422306,0.05596710949677886,0.08464167823248954
135,0.00250375425433274,0.008260500982977875,0.06023036732204664,0.08453862078128256
136,0.003153916886261964,0.009292330295939096,0.03707311901537252,0.05072040758494418
137,0.0028693989605831183,0.008635735926069135,0.05734512429617633,0.12571342614808703
138,0.003378502306587823,0.009641484408697023,0.050733609133142385,0.07653479329833705
139,0.0032235872810827044,0.009565675763410676,0.067330406073303,0.10111063788796014
140,0.0016202202279802726,0.005929248015151918,0.057999009459525394,0.0864009262286103
141,0.0031401380248097465,0.009449639771698833,0.05634533732718635,0.08631750580609185
142,0.003216429868878747,0.009580185406750874,0.05501656782980967,0.07282643815426154
143,0.0033066697388514817,0.009598152293803624,0.06892835389077902,0.11263765275956304
144,0.0030810840920399906,0.009150730067881958,0.0697652616654748,0.135831308307363
145,0.0029421994551520436,0.009095400264199914,0.05899294898265642,0.08704954201820266
146,0.0029993154422273322,0.00889866711825849,0.05565357698961484,0.08371422506043212
147,0.0032976601156790774,0.009596535768673826,0.05229667297424053,0.08137248547116742
148,0.0017020897490461994,0.006101226742366088,0.05904544565256246,0.09248851270521655
149,0.0017355249067778193,0.006104555043900633,0.04955403158473201,0.07216504406050875
150,0.0031478059920493342,0.009484007348021349,0.044464969642437895,0.06515368399587958
151,0.0029182158405153752,0.008842458178129389,0.07976901361225572,0.13764836191472654
152,0.0034766000487342717,0.009697696417455671,0.07612471758053824,0.1197352806681109
153,0.003422266446679519,0.009652927433404967,0.05239819900831372,0.08521436141207037
154,0.003544276429414553,0.0096708525453922,0.07010694856581927,0.12920356771754093
155,0.0030634387118146224,0.009444230903052546,0.06821321495945826,0.09041692220301831
156,0.0034295530670989016,0.009652488806572095,0.05600609674453587,0.1068900830207903
157,0.0029406504746649614,0.009141980727183124,0.064873077797168,0.09485264121182563
158,0.002882553781254242,0.008830830306103526,0.07491248261144118,0.13931329217294808
159,0.002728581686218636,0.008587493278787101,0.05373316538234542,0.08030575810676119
160,0.0033869700889594856,0.009633919859576302,0.07404882461030218,0.10816272137211941
161,0.0033415876458742027,0.009584035828328518,0.07038204845182953,0.10736904360510001
162,0.003417698258423278,0.009617156758745773,0.10201465976909459,0.17016329902145638
163,0.003425001602585859,0.00964797994118597,0.053427175356937626,0.08331056328994779
164,0.0026247225515044913,0.008410949337005483,0.07531610483418526,0.15009495627556024
165,0.002628606670447732,0.008428529954417134,0.058390222635413484,0.07458215071546523
166,0.0027464861489228647,0.008595946911994794,0.04227714637849009,0.05658528304272087
167,0.0030336364372460594,0.008898488575068605,0.08100293005265662,0.1542450530190724
168,0.003233179794512281,0.009507915786527788,0.05384766416445434,0.08301141993251321
169,0.0028411389265282955,0.008800310855993988,0.0743645275698955,0.10648683616240237
170,0.0028207817347229176,0.008973801182346936,0.06372860228545385,0.1011607537534346
171,0.0030702112555014856,0.008926271734506212,0.07007671580633361,0.10638051929156457
172,0.002804261292536999,0.008712749254476527,0.08486119413288694,0.13247686642032624
173,0.002832088232736931,0.008809245222459069,0.049981063576628994,0.07439768253312808
174,0.0029479899393072104,0.00912864754385766,0.054483594951860614,0.09682518481114971
175,0.0030886603278989285,0.009432958531597098,0.05350018849242532,0.10131545389430772
176,0.0016779697438354213,0.0060909755290341865,0.06260878503261268,0.09364659804904948
177,0.0026090191804746315,0.008348910286526817,0.0721273005574197,0.12004255044015488
178,0.0029922312750285257,0.0092429801954732,0.06273790287530051,0.09063595382827692
179,0.00334519719810598,0.009606767436439335,0.05700310651988225,0.09739450775865545
180,0.003414014916066011,0.009645321923616968,0.051545132091227526,0.07494159591245468
181,0.0027085654064130113,0.008573890781067765,0.06400066931782515,0.10678128159182841
182,0.003218570871192787,0.00959046527145491,0.060236336296406956,0.08350309151437413
183,0.0016987643423002881,0.0060948035568345405,0.0585797904254539,0.0934023686742136
184,0.0031164085097044845,0.009258650007233768,0.06661478896563536,0.14322654461555184
185,0.0032892361550363363,0.00959532089976675,0.04931894457946162,0.07496739631139182
186,0.0027555312674801677,0.008598459465746517,0.05533211559228828,0.08350827556052388
187,0.003112201824756339,0.00943927066017699,0.06306344909487425,0.09660918038760971
188,0.001805455748980197,0.0061197165418965,0.06653738485245113,0.13553241311596356
189,0.0025646517031847455,0.00844404585045731,0.057103918757670326,0.08926677956548935
190,0.0032414498126484546,0.0095797869095982,0.08834458439929928,0.15272896563903413
191,0.001713568434773161,0.006082251529632462,0.060865906607709,0.10960515029665714
192,0.0032737698535106404,0.00959094131725789,0.0627021346860127,0.08863508015052225
193,0.002812397434680681,0.008939475326092634,0.05536503079418317,0.07837441074697042
194,0.0027625060104271145,0.008805462856553807,0.06242998003332011,0.11187554146726392
195,0.002826097739776184,0.008613223996365459,0.06863855603422087,0.10261373557107369
196,0.003220375625694776,0.009578086616584311,0.0746366687524428,0.10181718513521779
197,0.00273740291908705,0.008578344040903638,0.055120049649267436,0.08769183782806274
198,0.0033694517694310626,0.009626805567272637,0.04893556568336761,0.07902017478566657
199,0.002803476928809442,0.008813047265578734,0.04850717823288285,0.06352756083644635
200,0.003132228106597568,0.009214070897240537,0.06246569695287534,0.13947931349831522
201,0.0012850456171701143,0.00532279175383451,0.04682902531775133,0.07656554303192177
202,0.0017369678653575181,0.006114527135107042,0.060849601541135105,0.08631717268005407
203,0.0030323750702451824,0.00943613261203831,0.059638697091358266,0.07654752950462006
204,0.0027345879422801104,0.00869363740852956,0.0530869850019748,0.07185168346309152
205,0.0031359188627574355,0.009465909320389114,0.057344494517801964,0.09182474043922233
206,0.003569485067370548,0.009702424814699536,0.06492575367043453,0.10769534832623866
207,0.00335072592413326,0.009619877658206587,0.07060932646354161,0.1342801026704561
208,0.0012963476852569076,0.005287272409504751,0.06842953994940236,0.12269662439523528
209,0.002886886924500942,0.008822088272638386,0.04605777274473777,0.07114172904890799
210,0.0031560423927040854,0.009531455588594572,0.06848094161862847,0.13586005431237835
211,0.003074308362554812,0.008913506110896263,0.04391526834213763,0.07367607171801835
212,0.0032799673422894376,0.00959643173649114,0.06063535850328001,0.09014691819914757
213,0.0033691789880218176,0.009627304355047984,0.06621173762439303,0.12502595574061115
214,0.001684775484269432,0.006091005910871367,0.08547621715119251,0.15262564323552846
215,0.0027250779838492683,0.008580214184660916,0.05486509605038201,0.08811659926004188
216,0.003320737603926285,0.009604047160283886,0.053530663246211564,0.0801072372664729
217,0.0033870149757313185,0.009634444953941548,0.03289506321860952,0.05015820447040517
218,0.003315562980816698,0.009604578885579926,0.046802531514946684,0.07371242935110209
219,0.0033788525090962993,0.009639675091614286,0.06084258325771968,0.09030721458479196
220,0.0033201471567053486,0.00959656800701403,0.06454276736436454,0.1140859616958399
221,0.00264479468576727,0.00856569100221748,0.07917022242437993,0.1077580237377043
222,0.0032368384301073023,0.009581034785692718,0.09713823071622527,0.154050003535374
223,0.002100842660617171,0.007469860112497009,0.047336224693745516,0.07238854171362417
224,0.000444639738452459,0.0019565809741182967,0.04770097368739,0.06945617375234368
225,0.0026830834174950704,0.008564731227157493,0.07206670504561496,0.12023372488990722
226,0.002795734689614369,0.008597774449808948,0.04414628412069676,0.06543069082346904
227,0.0016401024397179424,0.005929030339920963,0.052518749910585937,0.0761080468141422
228,0.002813599737619969,0.008808656743180062,0.08911886154661,0.13875028631746644
229,0.002845996268106001,0.008800751130753064,0.0764083410016493,0.130014435945492
230,0.0030622895934444743,0.009428588622294164,0.05863727597841946,0.08531375737777262
231,0.003357496035489123,0.009622272354487843,0.05558288258143703,0.09658192912724084
232,0.002918049136550158,0.008850453355004175,0.06139316362017933,0.09527262436699689
233,0.003248209764668382,0.009594546269943093,0.06462392028673854,0.08915323883254514
234,0.0022319228140218242,0.007559546538172299,0.06163983072612855,0.12415559617721371
235,0.0020650729627719184,0.007452425335329828,0.07118602421822144,0.09783510883678202
236,0.0032957922831347414,0.00952569926753271,0.049593508745471436,0.07321642346633335
237,0.003339234971871707,0.009588992625088884,0.07507316696700359,0.1416642100758944
238,0.0014583557118412974,0.005862651150649487,0.07491534314244526,0.1107023658539434
239,0.0032679990573827936,0.009588094764279449,0.053694883357197194,0.08171167291362144
240,0.002781761741903475,0.008835777980278596,0.04512880994593752,0.06642640093251155
241,0.0030803253774755544,0.009267956435616904,0.0728345855559414,0.11612502699828015
242,0.002934278419532434,0.008860413007148182,0.055665685323728356,0.08365188523282643
243,0.0029402942464833576,0.009091951435451131,0.055661551512173606,0.08534331058407141
244,0.003407336543803941,0.009642839617088976,0.07282681727771638,0.1128522994885954
245,0.0034109388493110933,0.009651469450978266,0.04844965075643368,0.07033292042435857
246,0.003328220879374987,0.009614813167081014,0.0523437017892019,0.08170312948541883
247,0.0033030515569959463,0.00951818363484157,0.08590406201378985,0.14391466059949776
248,0.002109165746955889,0.007475747284928875,0.0556157418544846,0.08137652696800338
249,0.00258303896046962,0.008225639525892982,0.07855544582724558,0.13776294540772152
250,0.003183828884759028,0.009548440267830149,0.09974667996310431,0.16037871981784385
251,0.002904136431735123,0.009073370268035246,0.06252693991256388,0.09743272088926355
252,0.0032609834428027145,0.009580420303077134,0.053918393445532,0.07974025469460573
253,0.0033476891133452234,0.009609553597767264,0.0905891845308556,0.1554229662183933
254,0.003141004318351519,0.00948656710461905,0.06181181207837195,0.09229609357330495
255,0.0015058872164969877,0.005888632252465543,0.07251455474505411,0.104700146389928
256,0.00330904640419629,0.009624395938357625,0.06140074086219435,0.10113869871259638
257,0.0029498605388270063,0.008852593491178427,0.059241159380909,0.08567626227371876
258,0.002887527004406916,0.009075542006265994,0.05525224525406719,0.0748978244031068
259,0.0032378511045502334,0.009573557743757606,0.060014977697731335,0.09277779707062005
260,0.0033017427566182566,0.00961303791231256,0.05459605106319941,0.08950201493820105
261,0.0016664328391192724,0.006078782782843852,0.05144998680997325,0.06886883309916735
262,0.002646155470475896,0.008541165563152259,0.056803096917711994,0.0802019698300393
263,0.001210596104178875,0.005300264467448327,0.07251925320697998,0.12114096377510924
264,0.0031993026120542482,0.00947324007989889,0.056394084883104975,0.08920668698304128
265,0.0017174238962771114,0.006105587544940899,0.04424909125452887,0.061450630416440305
266,0.0030996062978542204,0.009253406098479027,0.04541926768184693,0.06949715809480347
267,0.0031070665821953673,0.009454423293193452,0.05240686403068807,0.07310424680584102
268,0.0028449748250315254,0.008827211839628202,0.07630890111712843,0.115765585817663
269,0.0032867887290846326,0.009580738693472136,0.08275165142786013,0.14301856614454292
270,0.0032508041579589544,0.009576932068625563,0.062131517675463176,0.09565459335209059
271,0.0030604219701073454,0.009418754850703726,0.059037363151363646,0.08778574839814549
272,0.003269291287455184,0.009594629095439452,0.06799176829305183,0.10491194806856495
273,0.003225809079548672,0.009555959718615788,0.07006125994983106,0.10019972995810728
274,0.0017209906246983808,0.0061088007826110525,0.049411020636210015,0.07626837431532749
275,0.0034049912882992426,0.009630473930908467,0.08816369313899379,0.13374422736456404
276,0.0030132836863705744,0.008870856189907777,0.06419428405212023,0.11079930408834118
277,0.003312655783500114,0.00960936391961887,0.04083532816714931,0.06630737952600978
278,0.002711745465206254,0.008661698272693637,0.06963691128500529,0.09750934927641447
279,0.0027331905305812707,0.008591682342647868,0.05268427655094894,0.0693267749129212
280,0.0031628929960950693,0.00953770537477856,0.05241927769674574,0.08279932495186851
281,0.0015593750142610706,0.005879432962677757,0.05615430229576006,0.08394255182001803
282,0.0021706585482154863,0.007491661970156125,0.07094103976820551,0.12670152308369598
283,0.002780911646502589,0.008676040031371015,0.06808453040878856,0.11935433597007272
284,0.003383343038709506,0.009623338836822879,0.04531727150161093,0.06554217030281513
285,0.002703261117757728,0.008474845591124176,0.041908850714690034,0.05810669227825239
286,0.003112349465072086,0.00927088087115688,0.03648669787667629,0.0512606488616706
287,0.0033175240357858388,0.009597915457138739,0.07435518189357164,0.11788389019008041
288,0.0015397617479952917,0.005904586528902069,0.08593523221957876,0.15081772564692317
289,0.0033815859594055133,0.009616431854526304,0.0647004243694984,0.10089363799673713
290,0.0017632825234877116,0.006112622261987244,0.07332927483068936,0.13797063500249251
291,0.001765436851489966,0.0061084972712810584,0.04724511481214648,0.07879977668258784
292,0.003113085083843308,0.009298691390099239,0.0552208626084552,0.0786100028708524
293,0.001780189287363112,0.006118084510108876,0.0709014892906076,0.13599362215375238
294,0.0028003269229811413,0.00860797162119955,0.05710956975670625,0.09267674577522253
295,0.0033173569677366257,0.00960985713624536,0.08816520829413371,0.1792209378783499
296,0.0030781518236385184,0.009445946654935866,0.05472006905438174,0.07855673473943188
297,0.002913885717450906,0.009114625553994402,0.07143283149233076,0.13058170417779708
298,0.003192153323871908,0.009557939497684739,0.0639643654454944,0.1018713528751532
299,0.003431349625019124,0.009663443249598303,0.052788718837009536,0.0829363629711071
300,0.0035509388287320908,0.009708312676556613,0.0650930547885231,0.12379510079145421
301,0.0030222322611515528,0.009162383736750221,0.04870331666038282,0.10024302844799651
302,0.0027715333624885033,0.008952220353015303,0.05660684729544338,0.08203008746645499
303,0.0027036001060409313,0.008785397461463488,0.05835826482999992,0.08165407193497846
304,0.0033656630284042395,0.00962859754808215,0.05796227463616992,0.09941938835839595
305,0.00237271648834292,0.007737356161083359,0.05644155914842802,0.08212760377208207
306,0.0025449817994749623,0.008425968746600655,0.05279146647977778,0.09215837541199186
307,0.002559773303132645,0.008425257161495168,0.05774741008911252,0.07966505894943401
308,0.0033937646063917446,0.009577708867026098,0.058761821609904265,0.08863812883558363
309,0.0030336241439384327,0.008894530304526489,0.058693310656396984,0.08307824893059065
310,0.0033984974267012896,0.009647825271278975,0.064667275163539,0.1106384335331388
311,0.0032235769843145957,0.00956602329050941,0.04000997875566301,0.06085510778049207
312,0.003186705774213595,0.009478403169923664,0.07937680052064974,0.13927363600785048
313,0.0034415110216650946,0.00963733680645331,0.028543028429909245,0.04556329767027307
314,0.0032248335464906673,0.009580431618375528,0.07553347389466386,0.12964288225852363
315,0.0030036897695927206,0.009125564895708463,0.06765141472482088,0.0888647979014087
316,0.0017453237549348224,0.006118331478155805,0.054659719693888886,0.0778290520034517
317,0.00269157490735621,0.008583077863016387,0.0694633909113406,0.09497036903796698
318,0.0015662182971477364,0.005908346885250546,0.06111385161377708,0.08951557808057109
319,0.0035267389495795493,0.00968504778553992,0.04991012388737045,0.09554009095150094
320,0.003030269762282723,0.009098494725446502,0.09817103855595807,0.1619693188280268
321,0.0015697109042884883,0.005910744495521804,0.07137720097887718,0.12088156116112576
322,0.002877048086973887,0.008800386737660381,0.0758120087754145,0.13333241944339141
323,0.003209524478407529,0.00955649801442654,0.07243593345889174,0.1177123176784184
324,0.003416433298174104,0.009627234177136441,0.057413256672638434,0.10060410850258113
325,0.0030471944374362166,0.009421323917082192,0.07919744173454504,0.14699635670537117
326,0.003129703589989401,0.009435257895895235,0.07504499864652386,0.12233976225245792
327,0.0028744258943578386,0.009063958521934349,0.07450291113646851,0.13786772808103345
328,0.003126773133523183,0.009468516445261926,0.051668645271106844,0.07583562607198074
329,0.002783197225961047,0.008684405685319353,0.041837295421628166,0.06223727000022664
330,0.0032212757313909842,0.00957464043093153,0.07010909782615769,0.10011848559630819
331,0.003243775694395322,0.009559103865353264,0.10004724318973195,0.19230530939407126
332,0.0028019840261702083,0.0086231047884398,0.06682727313385872,0.1029879756851091
333,0.002864932218167136,0.008638688671768771,0.05128405427210123,0.08106910779155536
334,0.002595638793254379,0.00830007326682875,0.07313901699949675,0.1150563967460395
335,0.0031780834914686587,0.009462784396996987,0.05488415123741849,0.10938860580802837
336,0.0027043375762203017,0.008579272831574688,0.05420955535833793,0.08091203138434931
337,0.003338346802407839,0.009613545547126484,0.07828406700697928,0.1464948025739248
338,0.003013135277942775,0.009175318244712507,0.07012817163942939,0.10683987024469076
339,0.0015691732597228581,0.005902017821540108,0.07172169716357966,0.10341479628792158
340,0.0030838650695187235,0.009419084343790449,0.06718999095625937,0.1241099935573224
341,0.0033186541442353453,0.009626653722573977,0.04277456583485899,0.06883702054350879
342,0.0033398399694162507,0.00962444156888835,0.04976373554950842,0.07990353701685285
343,0.003318717130696437,0.0096098929089988,0.05371122811451972,0.08744399877019575
344,0.0030204539953384013,0.009225951350606148,0.08842129657281296,0.1800350605302566
345,0.003045505929403696,0.009133780391385925,0.05399611414410477,0.0788012222211658
346,0.0017341131713105669,0.0061042844639764525,0.06295799100034431,0.09982132816738962
347,0.0032272576896743466,0.00957397417183234,0.053679458916063655,0.07497726411292203
348,0.0017235728345904157,0.0060937191804523935,0.06579987136348177,0.09945839583148709
349,0.0032509513096557626,0.009581734594387506,0.08804264495312966,0.14901939479763884
350,0.0031350801538929034,0.009463130377234707,0.062416993358369796,0.08878766734202846
351,0.003264616855477088,0.009528865396691476,0.06322453262922806,0.08884786160297221
352,0.0030287768632527726,0.009106346643316922,0.07526909134005032,0.17254675839340036
353,0.0015850110005814564,0.005911920483959644,0.0676197338835284,0.10380852780527869
354,0.003396609522958439,0.009625853022972112,0.07163612135339364,0.1410787121455327
355,0.0032362425949712696,0.009556055545751613,0.08660123260816707,0.12381799550744936
356,0.002189853167134468,0.0075370505530749626,0.06403467186956381,0.0912641826702564
357,0.0017390272666051962,0.006115758290109027,0.06410050109850686,0.09059147555922971
358,0.0033597664366126945,0.009627982288539469,0.04800362234469466,0.0829606704642088
359,0.0033850857435923374,0.009651995178382597,0.04229000563316767,0.0598277653525439
360,0.0034134560353693243,0.009638923034454362,0.05988811182269122,0.09689368808338118
361,0.0012225538798480674,0.004844143040227058,0.05339850804947717,0.07698625311968621
362,0.0017661141405805312,0.006489916515784967,0.05183716104855962,0.09090851199734891
363,0.002789537051604136,0.008789123224852462,0.049382637435621116,0.07140979829864612
364,0.0032107913088760725,0.009520992718665681,0.07905961214438488,0.11132344575196756
365,0.0017278423745005224,0.006082980248749552,0.07814550956220055,0.14284635176102908
366,0.003073811598109518,0.009255215414528752,0.05102139641405406,0.0883903827924852
367,0.003417166771156449,0.00964000537663227,0.053716848757428,0.09330245443820864
368,0.003134432156098704,0.00953176907293406,0.06553499239856946,0.12525485409590092
369,0.0032452848926727445,0.009589164738970285,0.0664652346582771,0.09144110865719582
370,0.0034084607620289507,0.009652851446503801,0.05942008603842766,0.08681524229541801
371,0.0032401216081658166,0.009595646113893304,0.05464738989942233,0.08019388849703571
372,0.0027430204751287724,0.008497285483577947,0.05634712611962182,0.08887668927866997
373,0.0033701085941884312,0.009624205219257179,0.044710751769708096,0.08231938457911576
374,0.0033231204226918413,0.009600107155532125,0.04932588929913457,0.07933502057355102
375,0.003394610911579532,0.00960035762889357,0.05575079607980119,0.11237750371601948
376,0.0014863281889972765,0.00557178249210532,0.07652811043821232,0.17009895580808726
377,0.0033559560291937713,0.009630403072867852,0.05851988977021269,0.08682908666896226
378,0.0032588906295300184,0.009601336345433373,0.04521297605208635,0.06422518616332949
379,0.003371024478054567,0.009608787422416356,0.06997590050875699,0.11573162699711678
380,0.002721310915373523,0.008565911033672532,0.048477449950550165,0.09997293198763266
381,0.003383657417360107,0.009642149299016316,0.061961434598055476,0.09610750710781203
382,0.002732236984089148,0.008779797336122648,0.061791863417549386,0.0869431513694492
383,0.002999953856908925,0.009244035065921778,0.06850942138691234,0.11384558189666819
384,0.003316857811452275,0.009602391475518645,0.05296506208059013,0.08316166567254947
385,0.002661299324238521,0.00857477435341951,0.06829940039683222,0.09518909157299739
386,0.0027146667450860563,0.008350433754367736,0.049480893564849346,0.11913393644281713
387,0.0029170318866270023,0.008662030888318307,0.06927183154290706,0.10645259612526675
388,0.0027531690724797997,0.00859167208047831,0.08258032502477611,0.1288705788073785
389,0.003303610145082622,0.009534923170196408,0.060812393196866175,0.1294253881990039
390,0.003342376971694532,0.009599942366017803,0.0735009307083628,0.1287831247251183
391,0.0032804982782574372,0.009516758466195456,0.06829133288812546,0.10180858394052167
392,0.001771064274090582,0.006117719849775956,0.03985766797294096,0.07359139306061643
393,0.0029455104799373816,0.009082020809106254,0.06187987995733383,0.08392483589736824
394,0.0030355268896060236,0.008924326882874974,0.059412558985579574,0.08286609451506735
395,0.0033138628385425964,0.009602311984609436,0.05827040152069811,0.1263829316856843
396,0.003285537788449077,0.009592296570214704,0.06311305338930405,0.11563750065897159
397,0.003302362997444843,0.009585701969014697,0.05879158793231411,0.09440883589934494
398,0.001320916478652479,0.005271370545636316,0.08372277228483253,0.14772316777570307
399,0.0027724133957431315,0.00858306897785406,0.057825152676112525,0.09924069241257723
400,0.0027760146269239,0.008613412536300907,0.06130569937816206,0.0853965498504139
401,0.003377948705378628,0.009631384692957724,0.049086795887257145,0.07811047495970604
402,0.0030553647713553334,0.008883736874915041,0.056233755392548226,0.08474900164959032
403,0.002937990006762272,0.008774754728936778,0.04706124029278842,0.07491519559975153
404,0.0026645515578950724,0.008468377029481338,0.04962551916668891,0.08450778569436926
405,0.0030388086864268967,0.008920937581535573,0.04438051257344354,0.06508974533285196
406,0.0033101221963628856,0.00960219051943742,0.07210629265963946,0.14077683975438857
407,0.0030290135272123945,0.009109126774754235,0.06074544204972711,0.08687664230398814
408,0.003073623793478227,0.009237776726681282,0.0676727463646828,0.1305117534741041
409,0.00314357465093394,0.009489815718086372,0.06356314263991843,0.0928391014904121
410,0.003220494706977658,0.009564392886972736,0.05424532366719339,0.07462929444450735
411,0.00294484054080145,0.008829437507286724,0.0428818803340327,0.06080873666911521
412,0.0032837205852913787,0.009522224685754406,0.04968797268559776,0.09384586046336328
413,0.0028282380105677137,0.008755965713634477,0.081965624474179,0.11587933190115084
414,0.0027683139055440574,0.008942218009692967,0.046302480919754335,0.06174168071234543
415,0.0034640501743190607,0.009661035873236721,0.09214521376014724,0.14688647155994325
416,0.0035490733020003603,0.009697051152239875,0.038978730297883415,0.056261514310650296
417,0.003250522514273193,0.009588217229906066,0.04370941186743728,0.06572357525033053
418,0.0034159430926428798,0.009641574634761818,0.053445081487827624,0.07844149124838945
419,0.0031291368150974147,0.009451557176973203,0.06946044415660116,0.10730793779993375
420,0.0027350394323993115,0.008659808626910138,0.08661557414626314,0.14411117919528554
421,0.0030533785546909367,0.009452171250385222,0.0763115071750698,0.1455654903230698
422,0.0034853371018764164,0.009668295001619467,0.0659678411129622,0.13368945180845132
423,0.002830945264695617,0.008815160477544354,0.04015483498384367,0.056727625674691716
424,0.003018213469186694,0.008907804801358362,0.05343688298758899,0.0721778500878327
425,0.0032708448062461776,0.009503999799828064,0.05726776611532966,0.09090134631290779
426,0.0029438094865093275,0.008833991664411617,0.04799890506172282,0.0743046490888594
427,0.003208667074975069,0.009569247579758636,0.04983127543628569,0.07110287309532741
428,0.003273676854592175,0.009580495183998944,0.0639858208672036,0.11623877244741547
429,0.0031970513040272164,0.009502840303113182,0.05385449448625617,0.07083383945049014
430,0.0031860256438134963,0.009537083084738378,0.03698755921862924,0.055004895927138135
431,0.0032889580385794624,0.009584208644848507,0.047249359742784894,0.07465695042996051
432,0.0017337181294380798,0.0060958278903903065,0.05873536281817025,0.10004079454046402
433,0.003235830202486428,0.00957514833932692,0.04528260557977042,0.0784668451560276
434,0.0031311670318370844,0.009435685381936969,0.08496078123178734,0.1406042789343403
435,0.0031024977253183233,0.009267206977181338,0.04615724050884935,0.07570229587790107
436,0.0029831657043564524,0.009408376561283037,0.05476157002386582,0.06728563360943757
437,0.0034931900003673413,0.009663229789968046,0.07379631205847027,0.132095637602626
438,0.0032082034686120994,0.009484642430190886,0.0621181866222435,0.11220716969163966
439,0.0029301663133657506,0.008782361893526314,0.0614373954310509,0.08947256727192429
440,0.0021449622767176378,0.007489025374812229,0.07005826856200073,0.11546822581148351
441,0.0016858289009255615,0.006101220836721055,0.03889540893809671,0.06197083661289844
442,0.002702916345344647,0.008660402128135009,0.07272601740879937,0.13104307454185696
443,0.0030139897847840753,0.009116714782502564,0.059184218650535046,0.08994977228720669
444,0.0031804206619311616,0.009530281806658533,0.0606801631466982,0.09783370270842753
445,0.0032702098676905,0.00960089820678566,0.04702058912735652,0.07662577041974408
446,0.003510478784749634,0.00970561606751055,0.06923835961649918,0.12467012291399293
447,0.0029383012259293732,0.008831194752218977,0.0651632693626015,0.1317032603591629
448,0.0032615085106281736,0.009587430829161723,0.056532498042249336,0.08148378805757528
449,0.0031024851344527886,0.009462941176701723,0.06826957357339766,0.09987516474412239
450,0.0027925516947147973,0.008719264006228746,0.0759224169276525,0.1252390834658733
451,0.0034266924285690174,0.009642026680960543,0.06549176026056296,0.1257332698698412
452,0.0016730415261235042,0.006089729609017935,0.057647500315451516,0.09354061523043526
453,0.001611549332625734,0.006065685765508712,0.06071373882217027,0.07806144673815753
454,0.0034663178139472143,0.009642909474498607,0.05277815515327573,0.08547430085750292
455,0.003401061446353777,0.00966607588670261,0.06068155705079589,0.0885584768849563
456,0.0033200599460314916,0.009596359090872803,0.05989823950326263,0.09869273736039443
457,0.0028540711109696013,0.0089772880528613,0.0422669743044248,0.060735132531739226
458,0.0017697242826613328,0.006127580539585009,0.05779628494653867,0.08300214424924876
459,0.0029333906821693615,0.009125204502007421,0.06870656126879829,0.1082132329262667
460,0.0032903088405730344,0.009579925408540291,0.04692731390926976,0.08389836768853082
461,0.0031906109169840035,0.009473179826162107,0.07490656462815855,0.14070899233006906
462,0.001718690719894293,0.006087302721542172,0.056092422032360346,0.12516660045183303
463,0.0017716353181223051,0.0061203407601956306,0.06806870275760808,0.10823239422282398
464,0.003491755493638982,0.00968203401943345,0.056161084345525074,0.09583561677527278
465,0.0029827051489996633,0.008852933069674312,0.055495869793045764,0.09586060819823157
466,0.003384311899547349,0.009599056526948722,0.07345671733689192,0.14242171671316536
467,0.003128115057635357,0.009264845653526482,0.0660932192875549,0.10780376710660333
468,0.002195528581191708,0.0075005925455437165,0.0747679304646504,0.13884964524100782
469,0.0026691058572821907,0.008454520567517727,0.059607345398267425,0.115015504915193
470,0.0016691286837400292,0.006091020946684678,0.05786142520761378,0.07830729566594086
471,0.0027296572121422165,0.008581045750667052,0.06792311947192586,0.13628674978104408
472,0.003364060081911534,0.009627986320601795,0.050824310240714134,0.07793797137701208
473,0.002940357632384372,0.008824188794488163,0.06563472741310065,0.13680035000567237
474,0.002735232520059297,0.008574571688546745,0.08231203926234738,0.1569404763398365
475,0.00279978312602088,0.008610326301081475,0.08234914171648859,0.17536699838514003
476,0.001698785163776158,0.006078194039950818,0.05596204633341021,0.12569552575426157
477,0.0030198766013730723,0.009221487877595665,0.0745699966398462,0.11604911601929772
478,0.0015298291095255327,0.005569236442551271,0.060592891754761236,0.12955931441730972
479,0.0033209618405947256,0.009612449628767582,0.06658129879202959,0.12857067031751274
480,0.002997920586094738,0.00912878074970165,0.06988489254255284,0.09835916377486899
481,0.0033684642057301623,0.009642621698400928,0.06834882919493124,0.09739646969759592
482,0.0028263419731533908,0.008800358508962774,0.07507401460797161,0.10540864526753455
483,0.002889625971366333,0.008643066457255632,0.05702158061054738,0.08592518471114777
484,0.002960793907150953,0.008846201282099059,0.07575655754907222,0.14370967763478754
485,0.0030707462531345485,0.008879115398880259,0.06916157939351641,0.13958189832761453
486,0.0033974158714475504,0.009633479035427887,0.07531355390026284,0.12028752006287985
487,0.002957873135391097,0.008863894710984888,0.05131162055929875,0.10365056791399274
488,0.0032315302757911324,0.009572523964778586,0.05317390671066006,0.07561029507516684
489,0.001400945323949854,0.005528122686985052,0.0400721969511702,0.05482476223402317
490,0.0029472725303281103,0.008842980076664498,0.06401426115698741,0.1348233264095681
491,0.003013523368395732,0.009005031797786434,0.050571929649191584,0.09020506908063228
492,0.0026480316460185753,0.00853734057830766,0.08709156297819214,0.17766765618196642
493,0.003412562755666699,0.009667774215827495,0.08728876584225809,0.14541808524237265
494,0.002875487992046175,0.008823690849131299,0.07260563585579996,0.1120944812752826
495,0.0036245746128304645,0.00974051822028301,0.04683167092847944,0.08790331485676765
496,0.003272808310877764,0.009579750437571585,0.0498400649343951,0.07686232729231647
497,0.002849328241732299,0.008634796642238162,0.0599830204476235,0.09127082962927022
498,0.003325285906683576,0.00951811135776689,0.06952533588797948,0.12445565912754439
499,0.0027842678298083375,0.00871207876121456,0.04872050995434584,0.07683833654033155
500,0.003321305935822253,0.009611944352141532,0.0593443720428106,0.0879182466211112
501,0.0011584119536617262,0.005278414538559143,0.05441822469836623,0.08560895857007572
502,0.003174673693715142,0.009477838811951593,0.05437461613723355,0.0819537132979906
503,0.00334879116254565,0.009629787438657292,0.055648097671679504,0.0825070732251003
504,0.003014249317921858,0.009133625227497149,0.07495514348419759,0.1200373052956779
505,0.002897733421338305,0.008729062936846164,0.07084997765249641,0.12438287375332298
506,0.0027337831010371405,0.008587412300562262,0.061057669089463425,0.09553609042589409
507,0.0034055573738435655,0.009562656129086473,0.06548542890493532,0.11778438828762308
508,0.003177857191574166,0.009560032244049358,0.05014900689749839,0.07313545436833248
509,0.0032507467336358336,0.00957046845541211,0.05169923932105962,0.10159015371255882
510,0.001793084403661111,0.006130979782533071,0.06246616429803174,0.09419000972868799
511,0.002998484462551433,0.00909780472248386,0.07291275818001382,0.13227248517281567
512,0.003100361014020311,0.00946075562802688,0.052354349637850114,0.07646495186002486
513,0.0030686049435060293,0.009236688418288664,0.05675440168938799,0.08690533025431109
514,0.0031585747286920524,0.009456198493946962,0.05557938998728291,0.12215786294895718
515,0.0026634893076388057,0.008278699500202265,0.04034774966742609,0.06316111243857364
516,0.0029256676622828066,0.009096798019143352,0.062024533428839096,0.08631041712202102
517,0.0034305479114950014,0.009576835828984045,0.06856440709700838,0.136726673317172
518,0.0029270955186702884,0.009120748467683642,0.05371026198643777,0.07850455537674159
519,0.0027799250297907765,0.008599844474650762,0.03771812453257408,0.05746318111512439
520,0.0017697629222751879,0.006116864441980369,0.059402678544123295,0.1090964020751475
521,0.002901111387298379,0.008814045922017524,0.06629143699035295,0.11835019722193121
522,0.0033450474970258136,0.009600606481260642,0.04893065036966432,0.07236171055311007
523,0.0032068052667825553,0.009561008043478281,0.06615000621319338,0.10460336332526765
524,0.003119534247876383,0.009273561781996481,0.06096615576289137,0.08372162891973897
525,0.0030949815680279295,0.009448891402223464,0.07034617570026969,0.12045420799392882
526,0.002907846175092228,0.00879997058252605,0.05164909214162385,0.09069884848038746
527,0.002943931276515523,0.008833899763260196,0.05106933797743295,0.0827806766745944
528,0.003066698180355309,0.009449846818469002,0.059907576716849265,0.08160092804021632
529,0.0034067550559426776,0.009640542050530969,0.08693902148929553,0.15160808664854705
530,0.003260631807084011,0.009585050411110851,0.0658637277674859,0.08716808221167563
531,0.0032781263923371247,0.009508089620155577,0.056917979061284124,0.08814455862015655
532,0.002627528004313783,0.008248939359201957,0.05979684669941276,0.08303661202685413
533,0.0033484285231699753,0.009614165689520214,0.05898992390114768,0.09374124939476737
534,0.0031904129348783073,0.009549583316862733,0.07129755044544622,0.12116954340426804
535,0.003285226854163573,0.00960080528612718,0.05545845879213576,0.08638099507696896
536,0.0028906522538146152,0.008831848639028118,0.05984287563769832,0.08807867300872091
537,0.002665126565640968,0.008421114151586136,0.037081939158306106,0.054302193369239284
538,0.003450087842006444,0.009663549686305659,0.06584108819859169,0.10681972772986817
539,0.003276987525169758,0.009500718690202352,0.05947582550572731,0.09963959964273252
540,0.00326387634649479,0.009608380080424937,0.05841732061040755,0.07782315528051048
541,0.002663366280990807,0.00864765187628218,0.05198144011488785,0.07563166970990307
542,0.002964666666279547,0.009084980141410648,0.060365444626399825,0.09300960487987928
543,0.0032605545336555027,0.009585604593032038,0.056966768039251124,0.085946993585403
544,0.002860145220338431,0.009095965015871899,0.04250302788593421,0.058143122971364605
545,0.003316131779636727,0.009607535741437504,0.05652636618723867,0.08331334220307973
546,0.0033327054459866582,0.009614338552177328,0.04701400094369728,0.07926028614269529
547,0.0032296340165448366,0.009517881409869568,0.08494664050498477,0.144808995474884
548,0.002919056828573525,0.008835148319242677,0.043729119936832254,0.06527841878287126
549,0.0016566873424953472,0.006069283952037828,0.05598717648690879,0.08367964748164325
550,0.0031836589103426374,0.008929283543964613,0.06477392125932988,0.10641432458262275
551,0.0033502628140334952,0.009631112447198184,0.042552472542825306,0.06597166885376508
552,0.00271006287678849,0.008492345924966055,0.06940878081697743,0.10495609072927455
553,0.0030682404895669034,0.008906030650161309,0.04930153345944112,0.08038691318569141
554,0.0022495761445612134,0.007586186168595537,0.06646079985119872,0.1350421645561568
555,0.0033379842085572774,0.009595239415016934,0.06814054682146378,0.12164562954827368
556,0.003299567611118596,0.009606862935509058,0.08575631543266554,0.13443789545754695
557,0.0034213687683094613,0.009632442288097832,0.08009571293483277,0.1579010025041117
558,0.0025706889093697035,0.008632799558701316,0.06062521715063262,0.08872529848361586
559,0.0033411657590150033,0.009609567114739072,0.07437509388513602,0.11951041264333304
560,0.002703341666675681,0.008556628830261608,0.0355488472078631,0.051257517882781975
561,0.002972600609605193,0.00921836017037977,0.06197466120899864,0.08844682931459294
562,0.003361368764139777,0.009633378267216221,0.04870152472079057,0.06990860565095541
563,0.0031373594583215597,0.009157451629403566,0.061632995193396815,0.10952003441876872
564,0.0025684113974012257,0.008172624867260857,0.048058700646234444,0.0783091974464979
565,0.002864351994395092,0.008619180135709685,0.08012625508760414,0.1769440648374419
566,0.003224738588048211,0.009563025951806057,0.07189155488536621,0.1356145414472857
567,0.002750659857467803,0.008509233668402056,0.053469279250166035,0.08116907129625309
568,0.0034296102051274255,0.009649586089827014,0.06810094689327464,0.12494942974396923
569,0.0030010118994505063,0.009091087565595304,0.05716796401777104,0.09972385393305398
570,0.0026198851867127886,0.008442970322693099,0.06961103083366817,0.13905217535437928
571,0.003197527223587678,0.009556872651376797,0.08634524043871646,0.14751459318565366
572,0.0029057358116751216,0.00874055498185018,0.061928216593469906,0.10018720264543608
573,0.0032187053325882383,0.009577920186270574,0.05748593042490547,0.08507070600676461
574,0.0012099316069628496,0.0048497270755108145,0.05312455233978907,0.08327960566222548
575,0.003130490817514075,0.0094764162086526,0.05770829469879284,0.09052532878149692
576,0.0030041881678207582,0.008855548912869098,0.05459372989351365,0.09909662060186009
577,0.0011692118530405918,0.004813752112619912,0.049487340737383714,0.06998968859130948
578,0.003427998160089411,0.009547022066486888,0.057295028666338434,0.10742405093357252
579,0.003041951807663111,0.009134506428045766,0.057900438154471164,0.08997044169580477
580,0.003048518551474557,0.00889913718601271,0.047219941007929665,0.0901508881668419
581,0.002983443849309173,0.009225764693910296,0.04694612733328168,0.0716120461048045
582,0.0031952520324202683,0.00955259948358069,0.0770642617510095,0.12515754723527023
583,0.0030178330718508566,0.008877955458056582,0.06182577313865717,0.10946160443808037
584,0.002368264401734589,0.007764857099500136,0.04525814954485617,0.06601875844854928
585,0.002913160384069912,0.008859030588766713,0.05415103714190464,0.08236763275556182
586,0.0029734327147568364,0.009207862703523287,0.04424941336694885,0.07540223007479573
587,0.0031025467779828416,0.009256000055629937,0.06132087069714938,0.09795919160907432
588,0.0026955779072044238,0.00856908757206705,0.06322657776781689,0.10544367457587744
589,0.0033118535226661708,0.009610907554721534,0.05994443766793909,0.10076408248245707
590,0.0015682049931999293,0.005912151354002499,0.06618446993819073,0.09268229462987465
591,0.003126708280679732,0.009476939497365972,0.06719642366049029,0.08967673625919319
592,0.002594654236251831,0.008232615678752622,0.04186012608388692,0.06409979515313277
593,0.0032373052045996647,0.009503033560767841,0.07322548732775587,0.11137476423609417
594,0.003083684965194509,0.009128877710908855,0.08162892860317855,0.1377858295229704
595,0.0029984935737845824,0.00911577844407495,0.05456835131383617,0.07286744582252802
596,0.00307134283208803,0.00889907496009697,0.044452612297103414,0.07128322817581749
597,0.0033186695989566623,0.009602918088573211,0.08721238197359334,0.1402437141554948
598,0.0030403397117524855,0.009119249001940055,0.04665784875682191,0.0905314756625509
599,0.0029785524447074516,0.00919338893992333,0.04212257400396302,0.07123884357543317
600,0.0033640947996870884,0.00962478824333903,0.07230344673519766,0.13476472672076695
601,0.0029373988952878876,0.009202001684556293,0.06166100354598778,0.09557312062658213
602,0.0016413399431872485,0.0059244860186623,0.07248153960559116,0.13770456679200133
603,0.0028236143566147177,0.008812433336661952,0.048317861765358745,0.07750727148825041
604,0.00327101590323887,0.009599601088175305,0.07531236350871885,0.10604570963566103
605,0.001761301680267273,0.006105446183421119,0.07286577345230626,0.11150101325415619
606,0.0032041292051765116,0.0095622140839704,0.06561279270784273,0.09484814998900627
607,0.0028295044993165595,0.008800714375018183,0.05970496367105083,0.10583946801703617
608,0.003263410986740975,0.009604733277050302,0.05741408766432413,0.08338035939134059
609,0.003358762105786449,0.009623049215125948,0.046721837082962805,0.07796171020747812
610,0.003164001563368361,0.009460191900586388,0.06422475832002619,0.10316947330352645
611,0.0027128664186773614,0.008801712525553805,0.04460049689100259,0.066682705470791
612,0.0028465819252726106,0.008799116895548856,0.050693542043009514,0.08221722238661469
613,0.0032417070032675203,0.009594166008187634,0.05324093737841988,0.08081816633763757
614,0.001678900721374166,0.006093973985143499,0.06958772517434941,0.11017004329108891
615,0.0033089598692863835,0.00958244192764499,0.06038001297072712,0.08979764280214629
616,0.0033080628921052617,0.009609167810785255,0.0518675689365367,0.070814744893258
617,0.0027559281075231474,0.008594081360062181,0.0429641181286882,0.07172342436517128
618,0.0033928160553714773,0.009617101220341637,0.06529867529598428,0.13078663605496213
619,0.0028125372703416947,0.008624263768510757,0.04600410565834294,0.07160752825109006
620,0.0032446530943459487,0.009566177984434751,0.08937367413235853,0.1833617858332249
621,0.0028736177155701593,0.008980008576510488,0.0518635200553761,0.07004511378090765
622,0.00285003465118638,0.008955522057376762,0.05844903927724631,0.0892426226852721
623,0.003176786158912447,0.009545672665346458,0.07492439844225281,0.1269710813952949
624,0.003283687119589339,0.009589855507671016,0.06818811496872117,0.10410994816973251
625,0.001487251374182205,0.0058638231630895364,0.07616090081565544,0.14255182828337337
626,0.003268505727187574,0.009597295231304707,0.06016308774942615,0.08299815575518953
627,0.0016920719596892609,0.006087804913092494,0.06855533847793747,0.128117902969145
628,0.0030734172442261833,0.00943593198209368,0.05205499309579419,0.08167958172579129
629,0.001680914227495682,0.006077870277158007,0.06486224507786795,0.09452694632120337
630,0.003426570059859512,0.009567288869334705,0.07359875166293099,0.14775031413790027
631,0.003246358901001213,0.009601379126305607,0.06085583578967168,0.0821072099448243
632,0.002889249348823655,0.008767899598913319,0.06849925617024247,0.13173727517900805
633,0.002796361432015849,0.008616815823793395,0.05739109298998049,0.08240559198067067
634,0.0031381461232206477,0.009308828702030116,0.06326318669344586,0.10394289292781392
635,0.001539408320683999,0.005892062869893403,0.046794671411484974,0.06859677246349102
636,0.0029392541787101024,0.009188322015908667,0.06309348049342321,0.09796562574673258
637,0.0031549572500843568,0.009546449290935502,0.06813448401782489,0.09149413417837517
638,0.0016900493346719706,0.006085947306083664,0.05330890401092872,0.08947985213079827
639,0.0033779466902706373,0.009632606671098023,0.061558078254893574,0.0928751176341642
640,0.0028602480445225707,0.008761033178529018,0.04977321897898414,0.07141690124734248
641,0.0032280960783895346,0.00956277651504917,0.04054863396137406,0.059755352725109054
642,0.0032719581356460714,0.00959415473080413,0.06001994520177992,0.08581657111169994
643,0.002980306618760662,0.008702798072743257,0.04767345636877701,0.07887054626549252
644,0.0031557346069413465,0.009477089055540585,0.05630737506381504,0.08414677932604792
645,0.0034901664345840487,0.009665091998304207,0.07671977395895406,0.15004728566360745
646,0.003224061787482235,0.009564983782308292,0.0619926820378024,0.08601955628721421
647,0.00332391001485618,0.009608882765435076,0.0497567473096079,0.07250474073334878
648,0.0031191809216222595,0.009284656007386498,0.0603609547883261,0.1307185968240685
649,0.00268103591020274,0.00856524754973449,0.047546282350407185,0.0700640023092042
650,0.0017602922411614967,0.00610676469197123,0.079636879885348,0.11526070208198962
651,0.003183513195582662,0.0095509282586857,0.05738932573241584,0.08112300709490397
652,0.003169153485995695,0.0063301811066150725,0.06804495596988668,0.1085977139137255
653,0.0031504015097859033,0.00927539805399039,0.09107491230257155,0.15712995240416003
654,0.04742823618274258,0.06932894810454703,0.08454226820975058,0.11567502098144326
655,0.0016817900891038025,0.0060927493265886794,0.07891361763583511,0.11127579222512235
656,0.0030783657815670667,0.009129017535403315,0.04342389460946594,0.06650137585260292
657,0.002019042821971624,0.008476290037860048,0.05776305492649927,0.0886352104619226
658,0.0033703395144866564,0.009619059898584584,0.04478576749334729,0.068204987814075
659,0.04732613420464656,0.06885494330436008,0.09475743626776381,0.12355669309980732
660,0.0028711799161673037,0.009049588136946635,0.05933086963317968,0.08098587993245802
661,0.00315468558417655,0.009467156394436967,0.059939695902947565,0.1008167881049698
662,0.002760374735043,0.008594848349404086,0.07047627179782931,0.10068189490043566
663,0.00334042142159825,0.009617380648436348,0.04365253468187129,0.07127546194557895
664,0.0032252238471267903,0.009559307535656456,0.0754766211509815,0.11798116599521997
665,0.003270331528551047,0.00956748983111006,0.07150431195923095,0.12043137466098577
666,0.0024964078684418323,0.00781289282149493,0.07810961641642279,0.1490952872502949
667,0.0031550871454473794,0.009445599310584382,0.06154632314212004,0.09565318795775353
668,0.003223568989257295,0.009480565894696336,0.06074905990960715,0.12811738946021717
669,0.0016326009563434377,0.005924809472582299,0.05896190365476055,0.10097685564397381
670,0.003046224482542706,0.00910806657150418,0.07292332986044393,0.12073734172922249
671,0.0016945633304209307,0.006520901391306789,0.04389989961881585,0.05829923336561002
672,0.003237734998274747,0.009515248735440537,0.06518071791067799,0.09985333163873102
673,0.003265683283725788,0.009578209523029109,0.05399563056737948,0.07840284944210182
674,0.003343369624996877,0.00959914765113352,0.07687113327793355,0.14865114980284286
675,0.0032134753329956358,0.00958007321781587,0.05785484038090555,0.07796701265237446
676,0.003183388257268882,0.009294183408038757,0.05913533784734106,0.11694114178692065
677,0.003527225239302968,0.009695629677831873,0.06789345434229176,0.1177803577941718
678,0.0015678023677990467,0.005902574994967271,0.05346481303866657,0.07707808711955566
679,0.0017391634680976,0.006107421686354415,0.06722778672128447,0.14765827652991811
680,0.00250264286687097,0.008153320682921074,0.07645798340356226,0.1183393665869464
681,0.0031762538533073835,0.00956369658841788,0.05444158418439433,0.08444137064192364
682,0.0033064422692025003,0.009615581604900225,0.04299178169879102,0.060484887447504423
683,0.0035090774436684637,0.00965305209558948,0.06278321615991578,0.11762226699791568
684,0.002696426570548496,0.008576527043510477,0.057732956174305426,0.09024871949971441
685,0.0033770681696401383,0.00963265559574793,0.05772272000798082,0.08758236020641325
686,0.0030811349853981625,0.009446562597495206,0.07464310832014255,0.11216132827377934
687,0.002774513780263371,0.008779909648100846,0.06639956281819828,0.0978100265654592
688,0.0028072671020764523,0.008792901154306702,0.06485591495670685,0.09329882367144628
689,0.0025345927787063303,0.008272588401994642,0.053342039651978014,0.07313508919145668
690,0.002629779838346729,0.00833028727603879,0.07500668016648405,0.1315949609500258
691,0.003269308048046779,0.009602850100847193,0.08125528797886679,0.1202094793895184
692,0.0025304171197410835,0.008201459489633746,0.09042948316401472,0.1666844733028346
693,0.001706045877716453,0.006103551566438715,0.05061668160199901,0.0707924487875746
694,0.0027546230816499332,0.008504506998133909,0.04196888717321253,0.057339661737164774
695,0.002974632677540831,0.009105054840489195,0.07068928869838477,0.10860952354647746
696,0.003246685180440752,0.00955757040112039,0.08954927064689895,0.1875341539591331
697,0.0032650808300835493,0.009563964579876506,0.05104311517912169,0.07383077031314018
698,0.0031918308744611607,0.009554416563909436,0.05841875013726543,0.08723996975683009
699,0.0026596677968548465,0.008472267408108476,0.04258415479902096,0.06144533033579221
700,0.002878690569993734,0.009000683718741622,0.062100519216347023,0.10361352566261554
701,0.003095415809527266,0.009456834125897316,0.05981240976586259,0.08630010743783297
702,0.0021678536122334362,0.007493014882310633,0.0734368651838983,0.1374243676771174
703,0.0030941364577609333,0.009458315226473519,0.0687602265938393,0.10237881495997453
704,0.0033245552577475346,0.009552620414133708,0.062312496385498704,0.08733458329810057
705,0.003317630338860534,0.009599580270426868,0.047894441585829485,0.06887186838158103
706,0.0031987478053402746,0.009552409312429176,0.06424837872163641,0.0879292246123246
707,0.002859414044860223,0.008715871894241575,0.04401249540046745,0.07820669080096251
708,0.0031896672926524316,0.009499194887462769,0.0556342097654011,0.08721970942088259
709,0.002757099911307443,0.008454621029022513,0.04191788017337105,0.06898818318930408
710,0.0029115753066580527,0.008985722464724639,0.05016261686393099,0.10035859377756842
711,0.002139041899809374,0.007489191106699706,0.03921951050092554,0.055512683558759254
712,0.0033710765298783875,0.009620372079925206,0.07289288706604802,0.14337634761216597
713,0.0013030407560028281,0.005303541133841326,0.05955061199612695,0.08705140666557444
714,0.003136435424768944,0.009475550412237547,0.07255318719886657,0.12280583190657429
715,0.0033765292967779773,0.009634663101783769,0.06047154469473785,0.0924060196386976
716,0.003238617755668171,0.009577867751945534,0.055859849961425075,0.11109352927927149
717,0.0027543254567974048,0.008575822971229496,0.05611595302142919,0.10715235303823423
718,0.003569307649888932,0.009726456350323027,0.047155978225867305,0.07742174808657988
719,0.002798558554665871,0.008954659950318026,0.07932162154116257,0.12897569100498846
720,0.0027621941916828262,0.008688126531555042,0.035735062729709915,0.056114260202248314
721,0.003008510071254801,0.009102518173495784,0.071748490734402,0.10890945839079404
722,0.0034287217754478986,0.009647320680035577,0.07556274208725762,0.12667823079806892
723,0.0031087482385894543,0.009150137258935378,0.056337682576744354,0.10576069679789918
724,0.001005821330482808,0.004573121097450356,0.0595181957403615,0.09243491914379559
725,0.0032851046012441947,0.009577229049109244,0.06154154710543785,0.08795493643112018
726,0.0032777014402808197,0.009605598693135401,0.05251477042116772,0.08179075116936724
727,0.0025181089866701915,0.008119622963446833,0.053998692743125555,0.07734073293493256
728,0.003285788309072482,0.00958891376024201,0.05196425464239098,0.07301253904340313
729,0.002705118653543521,0.008683380460797755,0.04691066187556056,0.06679569487175296
730,0.002569888273532024,0.008313491271933753,0.04935538945703173,0.07215135472407516
731,0.0028255904917690164,0.00871997130366387,0.054054195081296726,0.09506290297861142
732,0.002699234331558462,0.008477347719105193,0.09380579722063931,0.14479560576297149
733,0.003205945205464347,0.009557854961956594,0.0609318616442488,0.08715027957249258
734,0.0032485177947631843,0.009592301829139381,0.06047343922475804,0.08590438622970577
735,0.0017565523313844847,0.006110299929823553,0.047942193037770135,0.07813971957956016
736,0.003505056329338556,0.009688812056174882,0.057438426966449095,0.08517780610169558
737,0.003268368806698588,0.009604269199017294,0.05429691252427972,0.07361865107477082
738,0.0031891141816426847,0.00929220534238112,0.08332908913727892,0.15752601190309037
739,0.0017087145653905725,0.006107360867456756,0.05777544713989246,0.0888775285634518
740,0.0029882963714595663,0.008852876237280627,0.05866124229162828,0.09267247212201696
741,0.003309303474953579,0.009605060730958867,0.07123026002611957,0.10342332442798201
742,0.003302543744463249,0.009526395677581737,0.07869671535062368,0.12667635769615462
743,0.003182129394546272,0.009285661605443746,0.04768810916162867,0.07361681574496973
744,0.0034424573813444637,0.009648432462275022,0.055956749547558665,0.1277681975319672
745,0.0025027047792502096,0.008150050217048494,0.05678636946641345,0.08077947797448737
746,0.0016659335917681578,0.006085283009356383,0.06031688118250019,0.08784667252367655
747,0.0033561187307359908,0.009612886964191915,0.06100023088555318,0.13077643693089133
748,0.0031765151807044124,0.00954026968342951,0.0632647235415129,0.11423653285595757
749,0.002796873202111184,0.008611369253253181,0.09966558834513287,0.19182981732491486
750,0.002895063168344773,0.009133905257400623,0.0707346638074056,0.1062174011351774
751,0.0033389176429202104,0.009618220450622123,0.05147187940770471,0.08504540385795922
752,0.0031404809631919526,0.009470592499216734,0.03528013714784384,0.05323454294292564
753,0.002746983699286081,0.008603909460077682,0.05661908897381268,0.08382495808557114
754,0.0027887498605594484,0.008587078791711576,0.061156516730056676,0.09088101440009587
755,0.001566162952715339,0.005901195136891795,0.06512407813914912,0.11830362955388736
756,0.0028543725824533854,0.008961017995466882,0.05297508784035072,0.0868357643688636
757,0.0032398379692457476,0.009566411660142854,0.0506214920353944,0.07619605926046737
758,0.0028924634592807047,0.008807864130215424,0.05556742993512568,0.08828951631493671
759,0.0028288062483325673,0.008801015939974918,0.06475946582388309,0.11298231397610893
760,0.003222321635441648,0.009538227878716252,0.07448720889115638,0.12185766939971807
761,0.0033915289283114147,0.009635764614883219,0.0660342576051862,0.11487575133177612
762,0.0034023904680448576,0.00962510934339838,0.07575395217407846,0.14482512720813775
763,0.0017203331835431088,0.006107941252478855,0.046592614854285494,0.06631331314341518
764,0.003381959616184672,0.009637565225843088,0.06769237169415225,0.11057637793643783
765,0.001485643882595003,0.005560046959799889,0.05984950979412136,0.09570198320877295
766,0.002906665988283723,0.008828205156640455,0.0541583641708223,0.08546936346696145
767,0.003225057510995376,0.009563301875146741,0.05972834329451539,0.07983960040105688
768,0.003207265523971043,0.009479895295521136,0.06886263437976103,0.12090853663700042
769,0.0013103775908522059,0.005297168880469096,0.07347045620855286,0.101079447624138
770,0.002749390714270375,0.008597501777907558,0.05371393987288083,0.0736464584917764
771,0.003284020234441835,0.009582544695236155,0.06924821561840294,0.13390727249117942
772,0.0030829125218842855,0.008915279872944515,0.05469438723325556,0.0851552381428355
773,0.002676642145279387,0.008569336162247877,0.0640277326580068,0.09072281967407152
774,0.0025220859257095185,0.008297537119549642,0.08115784273636499,0.11039808207992097
775,0.0029555316045266514,0.008853294665337411,0.06639927202817728,0.09733326086835822
776,0.0033197926900085453,0.00953014874962954,0.06676519191841326,0.11025071578997815
777,0.0029323918702702685,0.0088333618591428,0.0926542181670842,0.16630523031523298
778,0.0034647173620458893,0.009668487854239129,0.05398255663709259,0.09525054641043072
779,0.0033311756252265546,0.009630065286801194,0.06030404105538437,0.09093267226695893
780,0.002814002894464838,0.008802013894185116,0.067956752951964,0.1140168495275712
781,0.0025525795329336813,0.00850568917955242,0.055640946038783494,0.07788568770850708
782,0.003039085083065195,0.008848238714762896,0.0587878660301768,0.09153006089256288
783,0.0031790731395033925,0.009561368615171668,0.0600277218151538,0.09354296497985094
784,0.0029935973533881137,0.009189161940691455,0.06872427581633628,0.10206268236524232
785,0.0033665979442851746,0.0096208395434447,0.0818781939410196,0.1481139604026628
786,0.0017191328384053171,0.006104090231676135,0.04231604169074765,0.06389853290615227
787,0.0033163288262512973,0.009591050050957672,0.07764234523591594,0.11855714819478355
788,0.003385195171642941,0.009630261079284691,0.06756207985742485,0.13366424517791586
789,0.0035234460944773226,0.009684171480068893,0.06061888229293813,0.11795806462929842
790,0.0025433515318802375,0.008414743871593711,0.08393693538390493,0.1445197125701223
791,0.0016588069702747096,0.006074335585256543,0.046238819368148436,0.06541190319804739
792,0.003269283431365618,0.009572387685969908,0.05537915445342048,0.10918606016189114
793,0.003172341924651249,0.009483787250152694,0.06615617615804228,0.11623395515029895
794,0.003193921277967098,0.009569019774427739,0.06051117598332766,0.08487436704325382
795,0.0031127718765501244,0.009439108392052736,0.06560774271384852,0.13263802612331965
796,0.002750402306903189,0.008588894584659779,0.044047376993835645,0.06294052153455992
797,0.0031254909971663815,0.00929975503414524,0.06566557064916766,0.10432440516683683
798,0.003270935091479129,0.0095992901653919,0.061286552111189725,0.09432217030170839
799,0.0028341383135272557,0.00882583612286667,0.08870418131775,0.13330888534697785
800,0.00315844586313076,0.009476311490005608,0.06692348834444674,0.1333618804544275
801,0.0033268798712392253,0.009592757288919092,0.07448979409970694,0.13891742075180416
802,0.0030421335164842775,0.009432036245994927,0.057837157619403924,0.10449620490597115
803,0.003186341442733727,0.009485607643286292,0.08778438442430136,0.14208393669067154
804,0.0031258437733548312,0.009442060817938077,0.08597527512265546,0.18139699971207135
805,0.0028769596404995524,0.008803279154486645,0.056754747820485535,0.08508438230931645
806,0.0033264095048784145,0.0095217745077012,0.08749185609887246,0.14176223132853333
807,0.002916771347473483,0.008866508699247128,0.06222285829007404,0.09487694136731768
808,0.0032119318203884958,0.009496069014079052,0.06254374259985543,0.12435370829613134
809,0.0017012933743896605,0.006094716686259451,0.046864282322057506,0.06435428809123077
810,0.003446665662847292,0.009676459040427954,0.05022871483997446,0.08047379030008131
811,0.0034203962712615653,0.009653348268478903,0.06795019804567608,0.1361705032332681
812,0.0031961298202893723,0.009470926934052097,0.05002397373494889,0.07998540550817168
813,0.003259285342109569,0.009603300292684061,0.07127235642538388,0.10197011164944007
814,0.003246778174001728,0.00958707246768311,0.05513108207937333,0.08665303445310135
815,0.003220114048642051,0.009558980357283987,0.07458144739010589,0.14156250941986384
816,0.0032423360990338746,0.009577033305471359,0.05842907860544645,0.09967366709643793
817,0.0027450940289807583,0.008582992266594713,0.04532010002495098,0.064789758463917
818,0.002911244715956213,0.00885141546526799,0.061286717276604105,0.08604226638806824
819,0.0026673936324820052,0.008556497851262067,0.055589041966039955,0.08197003175912262
820,0.002832965178938533,0.008737980758549426,0.05711752733425259,0.10234290958893999
821,0.003325869647413365,0.009618665096196676,0.05905216558481251,0.0831874153286398
822,0.0029181720625172077,0.008809998233603561,0.06926665142108239,0.10872323048747123
823,0.0032310825041787336,0.009580933503393157,0.07111346409133566,0.09343775271991867
824,0.0034444155070192054,0.00964062836809163,0.059771576787555236,0.1315537929409825
825,0.0032252386028539014,0.009576291708039347,0.07407018524851453,0.11694325763008094
826,0.003321477822950422,0.009604918987977488,0.05301382424736231,0.07284177012402569
827,0.002987084339553063,0.008834763532302885,0.06626773675480126,0.1335929463240661
828,0.002797017561953829,0.00878730904767484,0.09344213964010435,0.13814731430782975
829,0.0030557140423396897,0.009058748070880468,0.12444624676065352,0.2052001405010975
830,0.003374910625943882,0.009627199621662884,0.07068938210164441,0.10240622013271124
831,0.0032392515541561162,0.009574349234156043,0.04641088131130539,0.07390671725167637
832,0.002647601179643439,0.008646183655969829,0.06191362511034193,0.08171877437625377
833,0.001186412165637684,0.005088551871952924,0.06191952266428608,0.08851090884511152
834,0.0017131945818564518,0.0060979181690828345,0.0570068280285582,0.08637858388405557
835,0.003404003085596312,0.009657597965573021,0.05765747260553509,0.0802073008330907
836,0.003337747526511128,0.009624747207666184,0.07599352627521755,0.13030113758290768
837,0.0032650760045005844,0.00958945910081848,0.07208357510025189,0.1112831392429721
838,0.0032730991190354584,0.009587734707548182,0.08260749230083844,0.1253105855960413
839,0.0034226901163259176,0.009642932318789103,0.042611467873293285,0.07354226782241206
840,0.003150146905063683,0.00955387074678317,0.06538653667309283,0.09362385091883559
841,0.003128759491887265,0.009532204474219841,0.05575415884776741,0.0805338463671203
842,0.003176845609075521,0.009448670362983927,0.09531203933532488,0.15067938396719835
843,0.0029944665032595325,0.009111298967649046,0.04533592413230223,0.06934980876407089
844,0.00290967344151056,0.009083214860373164,0.07189506074999366,0.11218190670648098
845,0.003311473618190692,0.009586186076997735,0.07380690027072878,0.1455806883432926
846,0.0024869003471837763,0.007807924785178097,0.0637415840271053,0.1070618102817433
847,0.003023966401965053,0.009233130650879062,0.059478269534503435,0.10055370331648618
848,0.0012085808855442904,0.004844838031525765,0.0764413154270404,0.12186872950474448
849,0.0016894123791292906,0.00608819246460308,0.07585774641110307,0.11689811654114592
850,0.003146563920408874,0.009466462981926257,0.05831761371632612,0.08339173907061387
851,0.0030197570716149263,0.009226239168681975,0.07694581963036705,0.14339865858241438
852,0.002777864107732427,0.008614279310582867,0.06402999469558163,0.08650865537914317
853,0.0028622351854534463,0.008622534772157953,0.08824981218779741,0.18382722775430482
854,0.0032290290804048165,0.009485429848374402,0.0948067114110599,0.15200539854372394
855,0.002632796851307179,0.008469056873352667,0.05820277924465028,0.0842158313523375
856,0.0016649607373889182,0.006095962208749031,0.06610342329107619,0.09735446446975025
857,0.0028701800036706484,0.009101781882253381,0.06364315724673403,0.08767839979969604
858,0.0027576982193806714,0.008581230261660995,0.05209651777350063,0.08887615928247022
859,0.0027963766980955342,0.008784964815080397,0.04180869501525283,0.05397076836957408
860,0.003036954884712558,0.009414361552051784,0.051907388242705146,0.07651237687274166
861,0.003431279973853971,0.009656358485082105,0.06382785753611735,0.09825834622651826
862,0.0033103704805727578,0.00960309140125851,0.039730550820415406,0.05612109125913827
863,0.0033506619170646343,0.009622934822656368,0.04926580077058882,0.07952529236842037
864,0.003224215164342641,0.009485855680806385,0.053859671247856414,0.07589622429497757
865,0.003154421587458409,0.009550899122686746,0.0842522839787244,0.12187224055339171
866,0.0027646286529690173,0.00872231637753816,0.05989841921850648,0.08672579907614807
867,0.0033195040618670887,0.009606710336956406,0.07111243958919841,0.14484379402800904
868,0.003005935498448464,0.008869765225057374,0.05051468409935112,0.0859026306297527
869,0.001313306181878745,0.005310023723473489,0.05939611619489754,0.0827813064023964
870,0.003219910609051625,0.009553077731059574,0.05167016895560019,0.07640498647707386
871,0.003241310115353678,0.009582003581653127,0.052398712440257934,0.08221235758159529
872,0.003015793847861614,0.008865817857407334,0.06424078812376147,0.10637310740671857
873,0.003425889699928428,0.009630929345243405,0.053211897340975346,0.08708254957860938
874,0.0033198602686033535,0.009546832886468293,0.05394635069535982,0.08109149073065913
875,0.0031007636288567352,0.009272046374977671,0.0567773456179917,0.09281476300599842
876,0.0032760821575209464,0.009587138654180734,0.045392442786604266,0.07796331311509905
877,0.001158455593248335,0.004823999443500987,0.04012828361328403,0.05278892996775092
878,0.0031007920841174845,0.009439132968630479,0.06061439147320179,0.11169923833035174
879,0.0017883540021329174,0.006126331030283149,0.059254279286477966,0.09587899000864203
880,0.0011192635256511813,0.004650123082120409,0.05795598883002791,0.08038140359774272
881,0.0026909163118478087,0.008453990224617193,0.044385160539355165,0.0702983980797397
882,0.0025764870626760416,0.008316103277325102,0.06872735491443957,0.09324690954788144
883,0.0030652830322523837,0.008918928365296229,0.04796125451110009,0.07736488552163177
884,0.0033933675676228415,0.00962220591831743,0.05593142186562656,0.0844485190806573
885,0.0026206092817658193,0.008306360659828432,0.06900855054388266,0.10962043638003255
886,0.0032252953712368208,0.00950302452996065,0.07124611526330406,0.12814395196882544
887,0.0026362903870064255,0.008646955211612356,0.07326585635936862,0.1157339789222903
888,0.0027921735769813327,0.008594821316472396,0.0640546700408963,0.09891834181880016
889,0.002762632098597947,0.008597646458861663,0.050503819361532795,0.07264588676946124
890,0.003313049878129322,0.009615578615791527,0.07260012414283476,0.11384155930141347
891,0.0032212930544795004,0.00957931734768506,0.046954448775856715,0.06363940752724762
892,0.0024248859808148745,0.008093381414843857,0.06259765049356031,0.09662123469642266
893,0.0029105725343573285,0.008832164934633038,0.05827917205707402,0.1123004534712841
894,0.002851837751251822,0.00905541479821732,0.07996070610588699,0.12408493218226176
895,0.0032758709024809005,0.009578839703960451,0.07036824855664145,0.11909081309384642
896,0.0033175831729894208,0.00959964739196697,0.0769155584410719,0.13588851317745873
897,0.003186649430514784,0.009562949667181998,0.06636013409556234,0.13406477956735022
898,0.002155498548698756,0.007575299859893267,0.07480137745714516,0.10287571615870288
899,0.0017353782006225458,0.006117678151799357,0.05342627625807826,0.08493891981427279
900,0.003236244399156554,0.009565959926249487,0.05374125610238535,0.07580058778418408
901,0.002904541923553552,0.008557893726880357,0.04717071186738571,0.07157003291082423
902,0.003337679586583961,0.009603239691107598,0.03903064691355307,0.06247794820100455
903,0.0026530788295377984,0.00841940853032154,0.06572705476132584,0.12547122038741998
904,0.0017472568456051633,0.006106503308410418,0.07068261695589297,0.09326116218839793
905,0.0027742506807439293,0.00849625958716248,0.06450071660757081,0.099382800596085
906,0.0029476039014502617,0.008837751147273233,0.084994668621386,0.12528541605009147
907,0.0029784911746463453,0.009214206924367578,0.05895482443261922,0.08173848531652335
908,0.0033203346884257997,0.009598959272022513,0.049005759995645555,0.07313190363503852
909,0.003333732261061377,0.009547711115850123,0.07405761017310013,0.12618413807078727
910,0.003301608460069421,0.009586973540916137,0.0658695481405058,0.10469634315143243
911,0.003008362832297965,0.009150651646567755,0.06311179017912233,0.12001790875615762
912,0.003070168026408188,0.009132206836300618,0.06070940108652522,0.1123461294250774
913,0.003073288270982975,0.009148945582515989,0.05442330037645779,0.08020401118607617
914,0.003290335170452501,0.009609375406037785,0.06844250474401645,0.098396179736808
915,0.003322793592049308,0.009614466255678803,0.056695166093754544,0.09153999148833158
916,0.0016952051954104324,0.006093937878561382,0.058301088560912866,0.07871801184721319
917,0.0024761877908590036,0.008201189280063338,0.052150666675709285,0.07687518822876933
918,0.0031366218575440887,0.009276541778874233,0.07697537294428486,0.13738830907293237
919,0.0035852764626899784,0.009721073173555743,0.0506041826110666,0.07954523052069808
920,0.003461096584810027,0.009671018724498355,0.04420329466402496,0.06540309411904462
921,0.0033136689711860917,0.009621220915328367,0.048447645232033515,0.06876328835119325
922,0.003082626533112638,0.009255984242168197,0.058187324821132175,0.08272533630729974
923,0.0033879374213043804,0.009629045608454786,0.07436533331379627,0.11290192178722529
924,0.0032519667572254627,0.009575514166142954,0.07445912247948369,0.1059446499719502
925,0.0033186164442539972,0.009613147347835757,0.07807308161021176,0.14044228744639994
926,0.003040806012595088,0.008987460808347707,0.08850191055982445,0.16106889012356876
927,0.003248095353244781,0.009587952966301605,0.04649264608485896,0.07671467651005946
928,0.0031237248599643797,0.009452923536649688,0.05988515610793462,0.09060005166015647
929,0.002364666522740435,0.007757976435859612,0.0506945310309927,0.07615643648752632
930,0.0025450648456455693,0.008335349039442065,0.08423222668688585,0.13233572273073035
931,0.003110543333353942,0.008933325381131027,0.07909543176887562,0.14424779007851884
932,0.0027991308762532357,0.008802681367761089,0.07137048969752727,0.09787610873563053
933,0.003284749314970217,0.009598056841009006,0.052637331211722906,0.08234002346424361
934,0.0023646488814687405,0.007764530125498567,0.06500986652256165,0.11802703021506215
935,0.0023064186303778348,0.007711196446122509,0.05975590340793542,0.09014762707659839
936,0.0033297991016861387,0.009634186591067516,0.05600110285460764,0.08713169595874007
937,0.0016933202944674495,0.006471458895009803,0.07131976394725936,0.1369594317074081
938,0.0032450949324553183,0.009519036803429864,0.056236299891980465,0.0817294877446666
939,0.001073843296966897,0.0046275694584019065,0.06511604020146125,0.09592032184471089
940,0.0029689816649393994,0.00887133714425383,0.087980220725763,0.18055336231339641
941,0.003201923687281419,0.009570102029576495,0.06807947414140511,0.10484922536133895
942,0.0026382955144829286,0.008461867563706477,0.044308814053228035,0.0726268818184429
943,0.003151942251109948,0.009558230526644666,0.05722719186414872,0.08822843536218039
944,0.0032650518137790044,0.009567339888054551,0.05509344503903806,0.07893445267465048
945,0.003428526322125297,0.009640203072752424,0.07016545428773285,0.104632295126987
946,0.0031434480919849523,0.00929535581473695,0.06920293364856935,0.1041916853331937
947,0.003288959987109542,0.009599162154649534,0.06000051748872488,0.08895482348654962
948,0.0033130537213270773,0.009592325896106209,0.05998612149148574,0.10209741150540594
949,0.002799996162933087,0.00904065331577071,0.05165254868570739,0.0765757185636493
950,0.0032737349690465808,0.009590541312847976,0.10393232770785689,0.1861046646311243
951,0.0029654638217696647,0.008847378853072338,0.047862706987536495,0.06878805831597155
952,0.0035271596333953507,0.00969457269056839,0.048969545630992053,0.08347076109612149
953,0.0016336309029015858,0.006071812983247542,0.08731713108274294,0.11740793365079549
954,0.0032319313553933427,0.009583005627225,0.05747916071174691,0.07717365335737551
955,0.0031113310298415842,0.008939491577065807,0.03829669790520119,0.05813926913797819
956,0.0033081783038004875,0.00962048444163556,0.06975784305555484,0.1364705889555231
957,0.002884970913436958,0.0089611522001006,0.0792258756662176,0.12338304783620735
958,0.0030924757593378065,0.009429755754099007,0.03560175433998266,0.05051519763056532
959,0.04652845969047867,0.06825397914108308,0.10575400390808601,0.15196187284149798
960,0.04669549643638527,0.06844195561652057,0.1029169931844009,0.15092079002532668
961,0.0032254052203202353,0.006924183806953288,0.05927300468371166,0.09212356261058043
962,0.046276546645397015,0.0654015092337018,0.11077182008268635,0.1949590419919392
963,0.0021706887607967533,0.008543951075272851,0.059348450806611566,0.11541036917866192
964,0.047184582862776804,0.06727164677270478,0.07264613657790452,0.12587048193280673
965,0.04661516561036576,0.06879571537605189,0.09139574502557017,0.1421707936540497
966,0.0032013876242280984,0.0095700202299823,0.05368425405284464,0.07409213145512955
967,0.0025031599570364115,0.008250860445549053,0.0922969308882631,0.14566173312589076
968,0.0027069497673526417,0.008683493430131918,0.06955195268938799,0.10154360357561738
969,0.0029078284766283036,0.008849523848758969,0.044325725914448125,0.060375087693724065
970,0.0034310103135096743,0.009658579031537629,0.05106248917954822,0.09302965210701071
971,0.0032293616974759637,0.009592503368168314,0.07269148797743115,0.10601433031632575
972,0.003336533972951265,0.009611987129550414,0.06103450617031666,0.10078103693992495
973,0.0025086111865666913,0.008164177026890578,0.06690931705117299,0.10599729390912045
974,0.0021448421855148835,0.007493302023430606,0.06788831969769855,0.09444788974173074
975,0.0030091200071060494,0.009212537325135084,0.05875581006144672,0.11654714027483574
976,0.003014838718902761,0.008877798007565326,0.04034755278131547,0.06129909463600763
977,0.0027670543718163413,0.00893553999541777,0.0650228793704378,0.10083739265255437
978,0.003148326406560559,0.009478817228260356,0.08599347500197671,0.13047203004299232
979,0.0030892223414763077,0.009436871164451228,0.08493536343991477,0.1502343367346237
980,0.002827261208398228,0.008723553683013155,0.06228427977762981,0.09941357635358358
981,0.0017586694915145862,0.006122966926939188,0.05169631887791062,0.08577336083799451
982,0.003000337111614867,0.009111223887383117,0.057842470705836195,0.08830141965036538
983,0.0017118668022844724,0.0060868350427801836,0.05472831417291454,0.09152613235121575
984,0.0030636795108291617,0.008867042979962086,0.06562952105493437,0.12035002504637535
985,0.0033776489569437196,0.009623892942788436,0.057530449941382254,0.09433783721305151
986,0.0027177010213874433,0.008266290157303671,0.03902062536789975,0.05734009067366445
987,0.00324686660218975,0.00949429635168979,0.09439134955737731,0.1821582198684131
988,0.0033960913366211324,0.009621698595919893,0.05358404189597828,0.08693487260201896
989,0.0028102016843959046,0.008797361457556727,0.07111825519363549,0.10075736714344201
990,0.0017002571008677553,0.006088721380407689,0.0893953548173892,0.1321095959213882
991,0.002756913850919202,0.008702243778351215,0.045120491547424826,0.06038055843460861
992,0.002885162098883081,0.008835420465888633,0.05345658866463538,0.09046456875620672
993,0.0028413561228184635,0.008806220014955474,0.04794134498456513,0.0780707581021572
994,0.0032208931303532515,0.009496245921992011,0.04403654108520191,0.06714359134562137
995,0.0034781986224063912,0.009685160653622595,0.06653948383828484,0.11686550700041139
996,0.003271311714056406,0.009574462935781269,0.04369614467094457,0.061738590527536205
997,0.0032702913386009145,0.009600823505920232,0.05396488174183244,0.07379487920965978
998,0.002927514901462671,0.009105042715898942,0.0849158102297283,0.1360402568457645
999,0.002320443200568711,0.007607350468085787,0.055528418848017395,0.085057682939342
