,Train_MAE,Train_RMSE,MAE,RMSE,SEM(MAE),SEM(RMSE)
0,1.90E-10,2.83E-10,0.308566927,0.472646223,0.002204438,0.003278304
1,0.047227796,0.093649517,0.336487596,0.503008719,,
2,1.87E-10,2.84E-10,0.367654963,0.55319909,,
3,0.054024905,0.101210853,0.330614451,0.403200702,,
4,0.042591489,0.09033156,0.358317299,0.543307706,,
5,1.91E-10,2.68E-10,0.348643223,0.50972304,,
6,0.047803497,0.095886435,0.379947621,0.535730078,,
7,1.89E-10,2.77E-10,0.316046587,0.568638993,,
8,0.040283834,0.087683375,0.40873151,0.583430583,,
9,0.038933733,0.086606295,0.335710902,0.416652952,,
10,2.17E-10,3.29E-10,0.306236431,0.476984937,,
11,0.046413267,0.093733946,0.291688191,0.43646823,,
12,0.053061062,0.100086217,0.548464026,0.686650044,,
13,0.041140817,0.088482643,0.302063639,0.447420881,,
14,0.047786365,0.093851668,0.28396276,0.421313959,,
15,1.92E-10,2.86E-10,0.508392001,0.793208662,,
16,0.044637627,0.091455824,0.419131327,0.629384992,,
17,0.042501643,0.089006625,0.478197815,0.598027492,,
18,0.04118519,0.089323166,0.328641921,0.436970433,,
19,0.041736909,0.088400252,0.379442701,0.518269642,,
20,0.042346673,0.090212863,0.329005051,0.434490412,,
21,0.040827903,0.089160443,0.396515676,0.592266373,,
22,0.042602868,0.090503307,0.407906171,0.519760739,,
23,0.037060877,0.084763829,0.392787566,0.509665951,,
24,0.04483845,0.092255234,0.362121826,0.609709987,,
25,0.037402883,0.085512807,0.273811532,0.446825603,,
26,1.89E-10,2.70E-10,0.330939765,0.488853014,,
27,0.048301554,0.095026285,0.374503092,0.507922611,,
28,1.96E-10,3.04E-10,0.326588985,0.464467805,,
29,0.042353464,0.089793358,0.337996634,0.50737333,,
30,0.039435855,0.086971263,0.379372186,0.58621316,,
31,0.039685582,0.087679307,0.396238389,0.540671135,,
32,0.041746203,0.089337387,0.455272325,0.699667025,,
33,1.87E-10,2.78E-10,0.374281421,0.561910272,,
34,0.040484783,0.088478458,0.322039741,0.394333358,,
35,0.047355167,0.092950515,0.371569698,0.585162098,,
36,1.86E-10,2.73E-10,0.352253766,0.49581602,,
37,0.040422738,0.088354691,0.366819029,0.491173626,,
38,0.042541243,0.089548305,0.329071024,0.448227555,,
39,0.036199129,0.084473777,0.28600151,0.411223747,,
40,0.042522851,0.091323975,0.375509946,0.457459273,,
41,0.039458823,0.087627507,0.276283286,0.316263899,,
42,0.043510597,0.091114422,0.325105742,0.462818333,,
43,0.044790132,0.091507969,0.308535961,0.422543438,,
44,1.91E-10,2.82E-10,0.373839834,0.498448841,,
45,0.053371305,0.10167477,0.291297374,0.396221866,,
46,0.041700426,0.09025982,0.512809377,0.707664329,,
47,0.044480859,0.093204155,0.34882015,0.432202034,,
48,0.043870655,0.092083557,0.329122313,0.43647313,,
49,0.044497862,0.091909717,0.486886256,0.626241046,,
50,0.0447319,0.092607045,0.482895418,0.669763853,,
51,0.039462403,0.087608758,0.357044471,0.55155498,,
52,0.040855972,0.088910126,0.452553434,0.638675412,,
53,0.043963406,0.091045388,0.347157948,0.46350188,,
54,1.96E-10,3.01E-10,0.297946664,0.438738556,,
55,1.73E-10,2.52E-10,0.318651236,0.497433685,,
56,0.043859965,0.091062124,0.417138314,0.616807165,,
57,2.17E-10,3.33E-10,0.35804425,0.560634552,,
58,0.075989543,0.126941802,0.317815999,0.451309899,,
59,0.048745427,0.095995327,0.32849206,0.426483785,,
60,0.043984736,0.090796294,0.396975984,0.517189551,,
61,0.061706104,0.111010542,0.423699579,0.619077269,,
62,0.043059324,0.090664411,0.377173496,0.606590426,,
63,1.89E-10,2.81E-10,0.442133228,0.648973534,,
64,0.041405422,0.08726054,0.358153364,0.515401057,,
65,1.88E-10,2.76E-10,0.274432896,0.459287269,,
66,0.044192976,0.092561705,0.382652419,0.538990876,,
67,0.043231222,0.089545861,0.252099191,0.328303879,,
68,2.07E-10,3.09E-10,0.44515203,0.618110545,,
69,0.038142396,0.086043968,0.366163195,0.516783428,,
70,1.89E-10,2.76E-10,0.387718703,0.521086701,,
71,1.84E-10,2.82E-10,0.575930223,0.726921398,,
72,2.30E-10,3.51E-10,0.310961041,0.475410694,,
73,1.95E-10,2.87E-10,0.530671008,0.730127571,,
74,0.046858393,0.092855729,0.273373617,0.411745238,,
75,0.041262779,0.088603873,0.396069395,0.556443501,,
76,0.055450936,0.101735023,0.403303869,0.672705871,,
77,0.039163111,0.086911188,0.326837932,0.429776407,,
78,1.96E-10,2.98E-10,0.476002985,0.661862998,,
79,0.043948339,0.090457686,0.32326054,0.46007771,,
80,2.13E-10,3.28E-10,0.526005164,0.730709122,,
81,0.043911532,0.092505338,0.297551988,0.412826862,,
82,0.042774607,0.090433002,0.374062766,0.487418656,,
83,0.04030773,0.088411287,0.44010318,0.587128281,,
84,0.040055001,0.087126709,0.451933065,0.630700364,,
85,1.79E-10,2.71E-10,0.485844143,0.660610639,,
86,0.062733154,0.110016875,0.266670596,0.370611919,,
87,0.059843364,0.107249391,0.411282711,0.564620443,,
88,0.055667896,0.101744185,0.264948081,0.369789426,,
89,0.046247576,0.093481867,0.288284549,0.432846118,,
90,1.93E-10,2.90E-10,0.323781124,0.483753529,,
91,1.98E-10,2.94E-10,0.246268165,0.38373055,,
92,0.069702552,0.117154195,0.307253806,0.42267228,,
93,2.01E-10,2.87E-10,0.423749083,0.690759571,,
94,0.042101716,0.089873596,0.255325229,0.328682868,,
95,0.070396656,0.121821808,0.365504467,0.539343073,,
96,0.038045561,0.085151215,0.32793674,0.472466244,,
97,0.048677326,0.096677964,0.372300791,0.504217147,,
98,1.88E-10,2.75E-10,0.42012914,0.647738709,,
99,0.040631315,0.088410485,0.458567684,0.648984931,,
100,0.0427983,0.089592597,0.281941484,0.357361325,,
101,0.052357327,0.098180025,0.321875769,0.403440152,,
102,0.041955217,0.088807709,0.302925988,0.420009122,,
103,0.042034723,0.08906697,0.270715253,0.357853353,,
104,1.83E-10,2.74E-10,0.39721637,0.562468445,,
105,2.09E-06,3.27E-06,0.285674832,0.439305286,,
106,0.041513634,0.088246361,0.333335453,0.447641473,,
107,0.045500115,0.09333121,0.323152235,0.392633854,,
108,0.044492035,0.091873234,0.29055951,0.375414928,,
109,0.046147184,0.093263528,0.376399687,0.56344357,,
110,0.042357385,0.090935776,0.379592152,0.511308117,,
111,0.044140029,0.09217797,0.370935015,0.487407579,,
112,1.74E-10,2.50E-10,0.48598123,0.752404706,,
113,0.042771463,0.090485355,0.339061295,0.426846479,,
114,0.044555349,0.093597724,0.382018621,0.504313604,,
115,0.044159181,0.090535333,0.240303672,0.302453864,,
116,0.039789833,0.089404319,0.477884874,0.613022805,,
117,0.039473644,0.086430495,0.368917956,0.517006598,,
118,0.042827093,0.090008353,0.484393572,0.753435521,,
119,0.052568925,0.098890299,0.392383846,0.577236074,,
120,0.042903141,0.089871652,0.361787138,0.488317331,,
121,2.22E-10,3.30E-10,0.461026645,0.682546896,,
122,0.068786841,0.121878694,0.450552428,0.636666265,,
123,1.94E-10,2.85E-10,0.362907894,0.512638189,,
124,0.041292652,0.089138799,0.356145095,0.585204947,,
125,2.14E-10,3.24E-10,0.461661504,0.696521653,,
126,0.063782436,0.111846928,0.359928159,0.522462097,,
127,0.03841557,0.087327085,0.440582265,0.562724064,,
128,0.040479772,0.088133993,0.305018164,0.370739651,,
129,0.047602484,0.094643119,0.337144552,0.444888221,,
130,0.038371933,0.086827509,0.409005756,0.52738356,,
131,0.044479415,0.091896296,0.367837347,0.584051782,,
132,0.038425624,0.085888489,0.309438533,0.421768002,,
133,0.052392492,0.097950094,0.31659625,0.55666509,,
134,0.052329262,0.097307726,0.280840205,0.436815864,,
135,0.051376823,0.097872627,0.267208182,0.500678393,,
136,1.98E-10,3.00E-10,0.303651464,0.487377086,,
137,0.06690362,0.115525604,0.351043005,0.469954942,,
138,2.29E-10,3.59E-10,0.364532308,0.547858838,,
139,0.042872887,0.090250431,0.281145938,0.369084948,,
140,0.038432705,0.086126569,0.380029225,0.501128025,,
141,1.90E-10,2.72E-10,0.316624467,0.474290764,,
142,0.058397938,0.105220913,0.310570133,0.439829947,,
143,2.00E-10,2.97E-10,0.313713148,0.470441289,,
144,0.039594509,0.086983053,0.35713408,0.52340134,,
145,0.049163755,0.096668623,0.275424978,0.367185521,,
146,0.043682484,0.090534277,0.347525211,0.493880564,,
147,1.99E-10,3.07E-10,0.364630526,0.548484158,,
148,0.057221358,0.103938187,0.389136321,0.55357653,,
149,2.38E-10,3.73E-10,0.401342653,0.547741588,,
150,0.036494435,0.085101776,0.401902093,0.531541573,,
151,0.063741521,0.113538778,0.4571238,0.647190257,,
152,0.041015447,0.089290002,0.384619175,0.630410477,,
153,0.042250281,0.090149765,0.444570257,0.706464529,,
154,1.86E-10,2.70E-10,0.372686991,0.617174844,,
155,0.049790612,0.097741233,0.275548817,0.352709216,,
156,0.041465332,0.088800304,0.264118075,0.325329465,,
157,0.041174383,0.088253963,0.334372426,0.470549623,,
158,0.045988973,0.09441095,0.33417732,0.45265977,,
159,0.048192592,0.094973004,0.331157836,0.465178261,,
160,0.03928947,0.086647729,0.22499867,0.346626468,,
161,0.040852603,0.08855562,0.431045441,0.540899018,,
162,2.02E-10,3.07E-10,0.478227225,0.619677252,,
163,0.040979985,0.088617533,0.345094146,0.439232748,,
164,0.040243329,0.087860337,0.396801988,0.592046808,,
165,1.86E-10,2.81E-10,0.305865648,0.447486978,,
166,0.036713288,0.084713348,0.474181795,0.635160479,,
167,0.04472478,0.092293248,0.243005313,0.349248012,,
168,0.042070187,0.08988499,0.323607191,0.412917971,,
169,0.045956176,0.093391144,0.319598167,0.484039684,,
170,0.043647937,0.090574249,0.371772304,0.495207855,,
171,0.040700482,0.088267296,0.273244631,0.379286683,,
172,0.045481185,0.09219946,0.235316918,0.29446092,,
173,1.85E-10,2.73E-10,0.346074453,0.576439192,,
174,0.046202108,0.091917972,0.291752072,0.416090337,,
175,2.18E-10,3.22E-10,0.321718038,0.448901811,,
176,1.86E-10,2.75E-10,0.428771719,0.590158966,,
177,0.041971026,0.089940346,0.361376125,0.507916381,,
178,0.041315355,0.088467513,0.26809636,0.383466554,,
179,0.050773505,0.096435622,0.328775995,0.427437292,,
180,2.16E-10,3.40E-10,0.334156152,0.487879334,,
181,0.039832431,0.088015222,0.384564015,0.509934528,,
182,1.91E-10,2.81E-10,0.358841607,0.516457641,,
183,0.040304851,0.087533328,0.393450744,0.552428143,,
184,0.046971787,0.093156011,0.419396274,0.668845273,,
185,2.35E-10,3.48E-10,0.463904697,0.706996604,,
186,0.054433592,0.101606361,0.411654563,0.506620757,,
187,0.050680026,0.096159084,0.221343789,0.295201689,,
188,0.045410822,0.092551976,0.265005034,0.356519699,,
189,0.039538025,0.087329753,0.335065561,0.427529505,,
190,0.037836225,0.085945974,0.440500623,0.55836887,,
191,2.25E-10,3.46E-10,0.322018941,0.452727469,,
192,0.036874301,0.084943655,0.373111771,0.498589189,,
193,0.04025775,0.088234467,0.518223799,0.711275081,,
194,0.039017782,0.086150479,0.336943191,0.476007875,,
195,0.044562609,0.092568979,0.336825386,0.422999817,,
196,2.01E-10,3.01E-10,0.381811903,0.649741088,,
197,0.06252594,0.110980228,0.288695138,0.365308448,,
198,0.04578914,0.092330071,0.244363313,0.356107206,,
199,0.048786424,0.095458072,0.412633442,0.689617598,,
200,0.036148238,0.084229051,0.321937094,0.479163496,,
201,0.042683159,0.089610764,0.296856785,0.430732002,,
202,0.042294484,0.089224302,0.272016802,0.397271241,,
203,0.041120235,0.087645117,0.328520821,0.478184063,,
204,0.037522334,0.085352285,0.463700562,0.591887075,,
205,0.039060874,0.086404477,0.445326306,0.589023013,,
206,2.41E-10,3.59E-10,0.416776888,0.561537179,,
207,0.044061853,0.091650142,0.285195996,0.354372016,,
208,0.051987385,0.097864804,0.258960412,0.353381917,,
209,0.039896597,0.087689162,0.351327281,0.484527874,,
210,0.050537223,0.097256618,0.345895136,0.52205097,,
211,2.35E-10,3.68E-10,0.580852358,0.830890536,,
212,0.040011176,0.087020479,0.292868626,0.431855986,,
213,0.04323209,0.089376039,0.351174059,0.527320089,,
214,0.04351094,0.091028188,0.406618339,0.627244349,,
215,0.043564063,0.090152553,0.242876548,0.350888653,,
216,0.052793785,0.101511019,0.411788866,0.602248004,,
217,1.90E-10,2.98E-10,0.374530731,0.556303425,,
218,0.043892596,0.09027013,0.306534732,0.416898135,,
219,1.97E-10,2.91E-10,0.497949032,0.733349553,,
220,0.039620396,0.087979074,0.382356857,0.504165268,,
221,0.045891825,0.091605494,0.293934,0.402935802,,
222,2.01E-10,2.86E-10,0.412033901,0.637613098,,
223,0.046822552,0.093076553,0.357550505,0.498491926,,
224,0.037892517,0.085845009,0.416942045,0.541536506,,
225,0.040171692,0.088428912,0.365401731,0.512571996,,
226,1.80E-10,2.76E-10,0.426971314,0.621991492,,
227,0.040410737,0.087761233,0.312020887,0.431285005,,
228,0.039558617,0.087058265,0.325369685,0.435869409,,
229,0.045806218,0.092817965,0.415744743,0.558350166,,
230,0.040045322,0.087502053,0.280319054,0.384065287,,
231,0.044266431,0.09136895,0.368394364,0.511299741,,
232,0.041899704,0.089118105,0.254440152,0.338008517,,
233,0.042822309,0.090449656,0.394381262,0.495488444,,
234,2.02E-10,3.06E-10,0.409000116,0.536975688,,
235,0.040937975,0.088081488,0.315429711,0.446546545,,
236,0.042370146,0.089142232,0.353286185,0.501597731,,
237,2.14E-10,3.18E-10,0.229772889,0.38004992,,
238,0.043635613,0.091272703,0.379775397,0.554277481,,
239,1.95E-10,2.97E-10,0.4278964,0.586388417,,
240,0.047759483,0.094197701,0.362418478,0.473939794,,
241,0.047119938,0.094533387,0.401472389,0.613762008,,
242,0.039550612,0.087362342,0.412356925,0.584915476,,
243,0.039530247,0.087392017,0.225726217,0.279453949,,
244,2.37E-10,3.55E-10,0.319960424,0.497405311,,
245,0.058710965,0.107174293,0.463868232,0.623141465,,
246,1.93E-10,2.95E-10,0.383227799,0.558160544,,
247,0.041623288,0.090092204,0.358103321,0.487767267,,
248,0.046957573,0.093795197,0.374736112,0.523442439,,
249,0.047965101,0.093691655,0.309988995,0.414191857,,
250,0.039469248,0.087578227,0.383902415,0.486692473,,
251,1.84E-10,2.62E-10,0.295611208,0.460578638,,
252,0.056397543,0.104137692,0.376998162,0.614448252,,
253,0.043297254,0.091092704,0.259619423,0.311537035,,
254,2.20E-10,3.36E-10,0.477040597,0.666946278,,
255,1.86E-10,2.75E-10,0.365408947,0.514354426,,
256,0.053888095,0.100346073,0.373393394,0.566496573,,
257,0.045111395,0.090724204,0.168620757,0.230015773,,
258,2.01E-10,3.06E-10,0.385865055,0.547702593,,
259,0.039724507,0.087043092,0.271715939,0.354321061,,
260,2.19E-10,3.38E-10,0.433100673,0.600239808,,
261,0.039019695,0.086428835,0.35299368,0.456327109,,
262,0.042402335,0.090179998,0.308458075,0.426673351,,
263,0.039903731,0.086675371,0.314955519,0.427083524,,
264,2.06E-10,3.04E-10,0.477904141,0.629948062,,
265,0.051015927,0.097430627,0.358861771,0.46935756,,
266,0.038226136,0.086318742,0.457913471,0.695712653,,
267,2.15E-10,3.16E-10,0.345247123,0.572955048,,
268,0.04006571,0.087843046,0.360208043,0.504348477,,
269,2.23E-10,3.43E-10,0.37913843,0.49392365,,
270,0.040826393,0.088606982,0.326408449,0.3903894,,
271,2.05E-10,3.13E-10,0.360577656,0.520136797,,
272,1.89E-10,2.79E-10,0.37159509,0.502315074,,
273,0.044185643,0.09067023,0.276588129,0.423679151,,
274,2.07E-10,3.04E-10,0.344803761,0.486849429,,
275,0.050215798,0.096724177,0.326189561,0.462751798,,
276,2.26E-10,3.47E-10,0.49389951,0.642847437,,
277,0.056029262,0.102902808,0.316281399,0.439867089,,
278,0.040559671,0.087635504,0.400094925,0.49878822,,
279,0.038199856,0.086256493,0.445887752,0.599150675,,
280,0.044743618,0.091087377,0.274201039,0.36139891,,
281,0.038466044,0.086444861,0.412766645,0.54457411,,
282,0.04336442,0.09040347,0.389247161,0.524225304,,
283,0.040362515,0.088381503,0.306596176,0.379275791,,
284,0.058577227,0.106387993,0.369034658,0.498009983,,
285,0.041074179,0.088767297,0.366566616,0.578870383,,
286,0.039466355,0.086924044,0.342760606,0.460324293,,
287,0.038289899,0.086316551,0.46412107,0.628212328,,
288,2.03E-10,3.05E-10,0.425002265,0.590449745,,
289,2.06E-10,3.09E-10,0.367152195,0.550571531,,
290,1.92E-10,2.80E-10,0.361842289,0.499294216,,
291,0.038030367,0.08619034,0.378148046,0.543770614,,
292,0.04144028,0.089428413,0.36336242,0.459219036,,
293,0.042304934,0.090196139,0.359215228,0.46486001,,
294,0.046245138,0.093150293,0.363051038,0.48964164,,
295,0.055411863,0.101677701,0.38482047,0.533059942,,
296,1.99E-10,2.88E-10,0.315135625,0.459821399,,
297,1.92E-10,2.84E-10,0.317871444,0.487818935,,
298,0.044967578,0.092146448,0.290538328,0.364570541,,
299,0.042554935,0.090698251,0.408977871,0.532704966,,
300,2.02E-10,3.01E-10,0.415288682,0.62048082,,
301,0.04265414,0.089755991,0.266166611,0.381204782,,
302,0.041381933,0.089307155,0.329474266,0.444517172,,
303,1.85E-10,2.56E-10,0.550748025,0.774521686,,
304,0.039344219,0.086424019,0.337823308,0.436243791,,
305,1.69E-10,2.49E-10,0.370472075,0.548321074,,
306,1.81E-10,2.60E-10,0.449190238,0.6483627,,
307,2.23E-10,3.34E-10,0.504956721,0.652401103,,
308,0.042443341,0.089513149,0.401736723,0.640566385,,
309,1.83E-10,2.58E-10,0.331459315,0.491003851,,
310,0.042680208,0.090245284,0.369777524,0.481299526,,
311,0.041165231,0.089154829,0.410590311,0.537735802,,
312,0.03890544,0.086352507,0.506314481,0.707301876,,
313,1.91E-10,2.82E-10,0.427562439,0.677539211,,
314,0.039045373,0.087426033,0.345361026,0.447650878,,
315,0.053369033,0.099688108,0.316381577,0.452660317,,
316,0.049885841,0.09797411,0.359812851,0.440381952,,
317,2.34E-10,3.53E-10,0.625722351,0.807030197,,
318,0.045457025,0.092123938,0.266022282,0.42298755,,
319,1.83E-10,2.68E-10,0.330549514,0.574283791,,
320,2.04E-10,3.10E-10,0.333652932,0.545963625,,
321,0.041959501,0.088533389,0.463810938,0.616001817,,
322,0.042547049,0.091230428,0.379560538,0.526387714,,
323,0.042751664,0.089779143,0.307915198,0.422549793,,
324,0.044203663,0.091326053,0.37440416,0.534763399,,
325,2.03E-10,3.07E-10,0.329769117,0.485946611,,
326,0.045842301,0.091643435,0.264753363,0.357749394,,
327,2.29E-10,3.49E-10,0.365622998,0.518215073,,
328,0.041688271,0.089545034,0.413502255,0.671337782,,
329,0.041820168,0.089653835,0.336495489,0.449974399,,
330,1.98E-10,2.89E-10,0.307275351,0.475351749,,
331,2.03E-10,2.99E-10,0.368287305,0.525522721,,
332,0.041857762,0.088429083,0.492318597,0.714780285,,
333,0.045285116,0.092001058,0.279285422,0.384828176,,
334,0.041810834,0.087890864,0.278920439,0.420631307,,
335,0.04405396,0.091871198,0.277687397,0.377798338,,
336,0.049306496,0.097243637,0.381144219,0.484930395,,
337,1.96E-10,2.90E-10,0.498903203,0.744948479,,
338,1.87E-10,2.85E-10,0.518700286,0.648165184,,
339,0.037292317,0.085813635,0.449314581,0.554295103,,
340,0.039286938,0.087183111,0.485448337,0.687388149,,
341,0.039513634,0.087316047,0.401294722,0.599043502,,
342,0.042279051,0.089805486,0.316395704,0.420878899,,
343,0.042865402,0.089725413,0.358885907,0.447529056,,
344,0.047542977,0.094273616,0.385918737,0.656061887,,
345,0.052761177,0.098828092,0.313259951,0.396402382,,
346,2.17E-10,3.34E-10,0.324974097,0.478536031,,
347,0.044210579,0.091708425,0.268159436,0.351509241,,
348,1.85E-10,2.68E-10,0.412330666,0.598993335,,
349,0.050046652,0.096040542,0.362318254,0.599214099,,
350,0.04383982,0.091194605,0.358459736,0.495716145,,
351,0.052181197,0.100202964,0.413522133,0.516738725,,
352,0.043426892,0.090120891,0.271842858,0.392930735,,
353,0.040929314,0.08770312,0.382355159,0.517179994,,
354,0.039420631,0.086366715,0.36282836,0.500239359,,
355,0.050067502,0.097329177,0.345290776,0.58218632,,
356,2.11E-10,3.20E-10,0.392429205,0.533733176,,
357,0.04088585,0.088527353,0.312117303,0.388429045,,
358,1.95E-10,2.88E-10,0.329479109,0.525378366,,
359,0.042499641,0.090249022,0.284870085,0.385009761,,
360,0.050290254,0.100145694,0.401217525,0.582965152,,
361,0.046626255,0.093310417,0.349653478,0.481397109,,
362,0.053779738,0.100109509,0.356928733,0.45675775,,
363,0.043411275,0.090814471,0.347668731,0.464780864,,
364,0.051831094,0.099636838,0.288885721,0.391390869,,
365,0.050426973,0.097392096,0.270663363,0.323794831,,
366,1.92E-10,2.89E-10,0.412631833,0.589156085,,
367,0.048069025,0.095829985,0.385486294,0.548114862,,
368,0.044988383,0.092173865,0.35543172,0.559097636,,
369,1.51E-06,2.20E-06,0.425186577,0.642421396,,
370,0.040263268,0.087762006,0.204604484,0.296400216,,
371,0.037054305,0.085329764,0.540025401,0.797065564,,
372,2.09E-10,3.18E-10,0.296623892,0.437299522,,
373,0.048352505,0.094752821,0.354550847,0.481754722,,
374,2.12E-10,3.24E-10,0.376980998,0.545333678,,
375,1.92E-10,2.80E-10,0.458895768,0.661338807,,
376,1.81E-10,2.74E-10,0.328397546,0.513691254,,
377,0.045052072,0.091815144,0.373065081,0.486146426,,
378,0.043200197,0.090876875,0.448731822,0.684304937,,
379,0.041731836,0.088471316,0.308561028,0.454619875,,
380,0.040159871,0.087466682,0.390431662,0.614197768,,
381,0.066792994,0.113380696,0.280174265,0.383169818,,
382,0.043058839,0.090268217,0.318315911,0.432218411,,
383,0.035248808,0.083721374,0.35736802,0.467348658,,
384,0.04356179,0.091245586,0.321002308,0.545849954,,
385,0.052233466,0.099306689,0.363183133,0.520121516,,
386,2.13E-10,3.31E-10,0.453663908,0.646555666,,
387,0.042628777,0.08963991,0.272376989,0.405106294,,
388,0.050384542,0.097501469,0.281986553,0.400281395,,
389,0.044482296,0.092084996,0.302249217,0.402680258,,
390,0.04284393,0.089297516,0.234718328,0.342246029,,
391,1.72E-10,2.49E-10,0.442593483,0.59347729,,
392,0.042466741,0.090174154,0.34055269,0.57393171,,
393,0.037497913,0.085921286,0.363917828,0.581386827,,
394,0.044878651,0.091109016,0.267806782,0.482784449,,
395,0.05832315,0.107272559,0.364032297,0.505325621,,
396,0.045503378,0.092126493,0.383709772,0.574003063,,
397,2.23E-10,3.44E-10,0.397633863,0.550811372,,
398,2.10E-10,3.15E-10,0.409351521,0.633502274,,
399,0.053219021,0.100136994,0.504422011,0.691787765,,
400,0.04738768,0.094806169,0.37325181,0.59504469,,
401,2.04E-10,3.03E-10,0.304230313,0.480480452,,
402,0.057347957,0.103078795,0.40372723,0.523493999,,
403,0.045658014,0.0927474,0.323837052,0.472051142,,
404,0.042815852,0.090573331,0.343324026,0.456511957,,
405,1.80E-10,2.66E-10,0.486923727,0.746448222,,
406,0.042885725,0.089424481,0.31868769,0.449004803,,
407,0.046425246,0.093668036,0.385742272,0.528547899,,
408,0.043545482,0.090248885,0.383963168,0.56421151,,
409,0.052981323,0.100592113,0.428321996,0.591944598,,
410,0.043070878,0.090361231,0.321026183,0.453607464,,
411,0.046704044,0.094377781,0.309376589,0.421099455,,
412,0.042207376,0.08896687,0.329555256,0.477331502,,
413,2.11E-10,3.08E-10,0.38086788,0.526585894,,
414,1.85E-10,2.85E-10,0.305138897,0.463127679,,
415,0.064308172,0.109842693,0.492210884,0.790396728,,
416,0.042016352,0.088893067,0.3954375,0.613410713,,
417,0.045335839,0.0918577,0.252123119,0.420199612,,
418,0.050553067,0.099663383,0.365325362,0.569869682,,
419,0.046668292,0.09368309,0.320080774,0.437953411,,
420,0.041947048,0.088840141,0.382643331,0.597270888,,
421,0.040859349,0.088220583,0.306816833,0.428076555,,
422,1.86E-10,2.83E-10,0.463470143,0.696302759,,
423,0.04181526,0.088662594,0.305190036,0.395117364,,
424,0.046710463,0.092283854,0.324834793,0.523567519,,
425,0.040904633,0.088362563,0.295495697,0.364180353,,
426,1.94E-10,2.92E-10,0.39105273,0.551505461,,
427,8.81E-07,1.31E-06,0.349054496,0.543430354,,
428,2.06E-10,3.21E-10,0.458848973,0.647423705,,
429,0.051286356,0.098421297,0.370430366,0.518393555,,
430,0.044348673,0.092072087,0.431188661,0.52803403,,
431,0.042978381,0.089652598,0.324274783,0.475165854,,
432,0.050317013,0.098195416,0.383408356,0.496480133,,
433,1.89E-10,2.82E-10,0.421714793,0.614477942,,
434,0.045000364,0.091829721,0.210907392,0.30468507,,
435,2.11E-10,3.21E-10,0.384313771,0.582305645,,
436,2.11E-10,3.30E-10,0.470740252,0.657098685,,
437,0.044999824,0.092098561,0.352419194,0.432170438,,
438,0.040979458,0.089499199,0.46711304,0.737076966,,
439,0.042689706,0.090853995,0.385361875,0.508558179,,
440,0.043298712,0.090563768,0.321877085,0.453886967,,
441,0.04301542,0.090465943,0.349888954,0.559969808,,
442,0.042063897,0.089283471,0.499709358,0.726040226,,
443,0.047646095,0.094208687,0.392995391,0.488729614,,
444,0.043737688,0.091000821,0.454269882,0.716709883,,
445,0.041113544,0.088298372,0.387131006,0.512105306,,
446,1.91E-10,2.76E-10,0.393546485,0.602115061,,
447,0.04657925,0.093216356,0.340593703,0.522628316,,
448,1.93E-10,2.78E-10,0.369731252,0.506115502,,
449,0.038896908,0.087112179,0.437401633,0.546561705,,
450,0.059287208,0.108098755,0.380494475,0.523765306,,
451,0.039265289,0.086689146,0.262116588,0.333555934,,
452,1.80E-10,2.58E-10,0.35840541,0.527722586,,
453,1.93E-10,2.89E-10,0.3056894,0.565307137,,
454,1.79E-10,2.62E-10,0.355947358,0.498050531,,
455,0.047944156,0.095237425,0.315518097,0.41574269,,
456,0.045292713,0.091921453,0.290149972,0.443585638,,
457,0.046014911,0.094165508,0.310784881,0.39435994,,
458,0.04071731,0.088368343,0.289455447,0.378559413,,
459,0.039010922,0.086274344,0.317016755,0.436605077,,
460,0.04831464,0.094692071,0.318396925,0.454377693,,
461,0.039992311,0.087362951,0.463174625,0.611755314,,
462,0.042291264,0.088877017,0.392110416,0.520330131,,
463,0.050707413,0.09646491,0.480256758,0.640362125,,
464,0.049426841,0.096349322,0.436913023,0.623014126,,
465,0.039819901,0.087585571,0.381963621,0.483318867,,
466,0.042025479,0.089066217,0.296870598,0.421937647,,
467,0.046550236,0.093709289,0.32648541,0.45235204,,
468,0.039349216,0.08721301,0.301212399,0.372693591,,
469,2.16E-10,3.45E-10,0.448101224,0.640371045,,
470,0.043481853,0.090286849,0.380194303,0.548263936,,
471,0.048638016,0.094978532,0.352235196,0.597095518,,
472,0.041665884,0.089076169,0.416124596,0.570571709,,
473,0.055966659,0.104191451,0.314956164,0.455379623,,
474,0.045464693,0.092472604,0.399300077,0.487235037,,
475,1.85E-10,2.78E-10,0.537816304,0.762711289,,
476,0.044881761,0.091522894,0.383092629,0.518549292,,
477,1.81E-10,2.67E-10,0.404716062,0.585249178,,
478,0.045693202,0.092858105,0.358539855,0.472361611,,
479,0.047022982,0.094791356,0.427695918,0.55594271,,
480,0.060361698,0.109388336,0.434665325,0.618586065,,
481,1.97E-10,2.91E-10,0.302191028,0.436536308,,
482,1.90E-10,2.89E-10,0.335575097,0.478967035,,
483,0.054363837,0.100783584,0.458261303,0.538252966,,
484,0.043910804,0.09082322,0.256746515,0.360588091,,
485,0.036591144,0.086399585,0.432828769,0.552358794,,
486,0.039715067,0.087036508,0.295168961,0.453865663,,
487,0.038110619,0.086549154,0.470571147,0.628901953,,
488,0.054816637,0.103779427,0.388030986,0.561693069,,
489,0.046877942,0.093683339,0.402650637,0.511692175,,
490,0.039192105,0.085976422,0.412875785,0.579546829,,
491,0.041208183,0.089190608,0.453616222,0.64365934,,
492,0.040501719,0.089021205,0.358290446,0.449948229,,
493,0.043277689,0.090285571,0.315312731,0.448340085,,
494,0.04734635,0.093669834,0.35150076,0.438770143,,
495,0.038727217,0.086690889,0.390952264,0.521444727,,
496,0.050720254,0.098413173,0.327724274,0.424863609,,
497,0.039668204,0.088021383,0.382516914,0.515554838,,
498,0.053088949,0.099488176,0.245085521,0.333066513,,
499,1.90E-10,2.85E-10,0.386585356,0.547130855,,
500,0.046576987,0.09246775,0.307831461,0.439573028,,
501,0.03918595,0.086082327,0.34009547,0.470231005,,
502,0.052890192,0.101576956,0.432577427,0.577380756,,
503,0.044108717,0.090785226,0.354343057,0.483957468,,
504,0.056395249,0.104245643,0.312431225,0.413563277,,
505,0.042541169,0.090894426,0.313337548,0.452003842,,
506,0.037124638,0.084223701,0.393337937,0.518284468,,
507,0.039382443,0.086546535,0.287418714,0.424289547,,
508,0.05010065,0.096421391,0.406246393,0.621777758,,
509,0.045294287,0.092099561,0.380962822,0.492700727,,
510,0.041337569,0.088834807,0.617921645,0.877108129,,
511,0.053238916,0.100258675,0.361425647,0.456457863,,
512,0.04699688,0.093740733,0.41515059,0.596325825,,
513,0.041026392,0.08962791,0.371056123,0.467681227,,
514,2.15E-10,3.19E-10,0.368121821,0.515929036,,
515,0.045871304,0.094341625,0.328190526,0.49849996,,
516,1.95E-10,2.88E-10,0.419842063,0.592197432,,
517,0.061888668,0.108996184,0.272433387,0.431878235,,
518,1.97E-10,2.93E-10,0.512423671,0.802414067,,
519,1.90E-10,2.91E-10,0.468636347,0.608716821,,
520,0.044403627,0.091792789,0.360061372,0.484595086,,
521,0.052275198,0.097695937,0.378175453,0.533289484,,
522,0.040176966,0.087295921,0.361758652,0.504992537,,
523,0.046790053,0.092977904,0.347033679,0.45995531,,
524,1.86E-10,2.73E-10,0.443075817,0.620546336,,
525,0.039794894,0.087287306,0.324608518,0.471770599,,
526,0.03948876,0.087468956,0.477181823,0.592505106,,
527,0.042596672,0.08992223,0.368010161,0.494305641,,
528,0.038143809,0.086543938,0.374255128,0.493377575,,
529,0.041120465,0.088973345,0.361382348,0.504560084,,
530,0.042892419,0.089989568,0.402317265,0.616162252,,
531,0.045334497,0.092513403,0.299095386,0.407870489,,
532,0.035196215,0.083402304,0.560530492,0.692822927,,
533,0.042019097,0.090125611,0.470834721,0.674033972,,
534,0.050363427,0.097420681,0.329144922,0.475767123,,
535,2.08E-10,3.09E-10,0.339739774,0.525826073,,
536,0.04004608,0.087498896,0.340097262,0.489615807,,
537,0.043754173,0.09071543,0.291368549,0.431344769,,
538,0.049367458,0.096170943,0.307292978,0.391370008,,
539,0.041078249,0.088483697,0.345005474,0.4719413,,
540,0.039810287,0.086942413,0.280234344,0.412336155,,
541,2.26E-10,3.38E-10,0.460743168,0.68438019,,
542,2.16E-10,3.35E-10,0.340659077,0.538495643,,
543,0.05246427,0.099061197,0.372261695,0.502263311,,
544,0.045863216,0.093378831,0.294794699,0.420984198,,
545,2.12E-10,3.29E-10,0.270065456,0.417024435,,
546,2.07E-10,3.14E-10,0.353342241,0.520807059,,
547,0.04173325,0.089105693,0.393399158,0.544255307,,
548,0.045902413,0.093305395,0.454561807,0.606961368,,
549,0.046216082,0.09323212,0.375993074,0.521299969,,
550,0.045654025,0.092527948,0.268733243,0.347446946,,
551,0.039186267,0.086905443,0.507531859,0.67085711,,
552,0.0378138,0.085008546,0.39153616,0.540624435,,
553,0.039377519,0.086930881,0.414710849,0.561960198,,
554,0.042744443,0.088833069,0.36957003,0.513534446,,
555,0.051290467,0.097874597,0.404171325,0.61765927,,
556,0.051827702,0.098503499,0.344889091,0.451583412,,
557,2.12E-10,3.26E-10,0.252731422,0.415444288,,
558,0.041131474,0.088739201,0.357859974,0.496805165,,
559,1.95E-10,2.88E-10,0.313461061,0.466335624,,
560,2.10E-10,3.11E-10,0.355811429,0.555233591,,
561,1.94E-10,2.88E-10,0.353486067,0.546878219,,
562,2.03E-10,2.99E-10,0.435759552,0.678057653,,
563,2.16E-10,3.28E-10,0.423659025,0.599937527,,
564,0.040306229,0.087993199,0.448773947,0.667447016,,
565,2.30E-10,3.44E-10,0.379130418,0.53309179,,
566,1.85E-10,2.75E-10,0.54582179,0.776153326,,
567,2.31E-10,3.39E-10,0.340955788,0.523731708,,
568,2.00E-10,2.84E-10,0.366333015,0.520866548,,
569,1.92E-10,2.89E-10,0.297296194,0.462711911,,
570,0.064872173,0.113469459,0.311057173,0.446593927,,
571,0.053793301,0.102613533,0.409186989,0.505858857,,
572,0.040416108,0.088769093,0.361900839,0.480121049,,
573,0.041888067,0.089636153,0.330155539,0.464837552,,
574,0.046737256,0.09439758,0.308513406,0.367791745,,
575,0.041014512,0.088972203,0.330147461,0.49488811,,
576,0.044217965,0.091663352,0.359675911,0.547675436,,
577,0.045680001,0.091881559,0.346293661,0.505564371,,
578,0.040698636,0.088256415,0.35629838,0.450102331,,
579,0.040269831,0.087711772,0.468325616,0.723588361,,
580,0.038278997,0.085973719,0.275761141,0.373398635,,
581,2.22E-10,3.30E-10,0.312970957,0.463217289,,
582,0.048381825,0.095775234,0.439893511,0.579321828,,
583,0.044403196,0.090937391,0.35300853,0.569370405,,
584,0.042916368,0.089728389,0.339911841,0.465909231,,
585,0.038671987,0.086163444,0.365069526,0.458604132,,
586,0.044530185,0.091674392,0.276413296,0.385055178,,
587,0.042266153,0.089284566,0.292295296,0.36985585,,
588,2.28E-10,3.42E-10,0.281100472,0.426117897,,
589,2.08E-10,3.11E-10,0.305251453,0.435260439,,
590,0.040244319,0.088130992,0.26913641,0.346073998,,
591,0.042231151,0.089652683,0.386977703,0.608538056,,
592,0.040268709,0.088037804,0.438637642,0.649205674,,
593,0.042550541,0.089715173,0.373906308,0.503186309,,
594,1.91E-10,2.82E-10,0.467737312,0.631894409,,
595,2.00E-10,2.97E-10,0.335678159,0.493641236,,
596,0.048632407,0.095698824,0.429719403,0.556522629,,
597,2.11E-10,3.25E-10,0.442628567,0.633594024,,
598,1.94E-10,2.83E-10,0.45197092,0.681741491,,
599,0.057317278,0.104478905,0.32695012,0.443293751,,
600,1.98E-10,2.88E-10,0.318408634,0.449518218,,
601,0.06151616,0.110952876,0.438085969,0.629130351,,
602,2.02E-10,2.99E-10,0.388089313,0.636371195,,
603,6.03E-06,9.01E-06,0.390912435,0.57389869,,
604,0.046881566,0.094659706,0.4072808,0.523182657,,
605,0.042140493,0.089428005,0.276427295,0.415047029,,
606,0.038193824,0.086221424,0.33457806,0.45384947,,
607,1.97E-10,2.90E-10,0.367841425,0.635786865,,
608,0.044905943,0.091750903,0.320500451,0.424862583,,
609,0.038835767,0.086392482,0.454547427,0.668003982,,
610,2.30E-10,3.41E-10,0.498713638,0.647398009,,
611,2.11E-10,3.22E-10,0.315065963,0.470890047,,
612,0.045103236,0.092133897,0.387211215,0.526729104,,
613,0.040822307,0.088461709,0.315942234,0.42759206,,
614,0.038298961,0.087085961,0.364296764,0.51074901,,
615,0.047694528,0.094283481,0.279647549,0.414678878,,
616,1.96E-10,2.87E-10,0.380142266,0.584674525,,
617,0.043651034,0.091708372,0.472898902,0.624927339,,
618,2.28E-10,3.56E-10,0.345429898,0.503446224,,
619,2.08E-10,3.19E-10,0.395922521,0.618906258,,
620,1.84E-10,2.74E-10,0.403118956,0.604772655,,
621,0.043543316,0.090616809,0.343902363,0.466129137,,
622,2.05E-10,3.10E-10,0.424534008,0.59173473,,
623,0.047382868,0.094141622,0.405378614,0.555675656,,
624,0.052721247,0.099293341,0.349237197,0.460980419,,
625,0.044200876,0.091543386,0.405865622,0.56199879,,
626,0.03760973,0.085051522,0.33198871,0.430821295,,
627,0.036619587,0.084465988,0.324619237,0.445643995,,
628,1.94E-10,2.82E-10,0.321275258,0.463006339,,
629,0.042553728,0.08954705,0.369985413,0.458020944,,
630,2.20E-10,3.47E-10,0.46556245,0.652037883,,
631,0.048682592,0.095274639,0.252791121,0.369171441,,
632,0.043104297,0.09052323,0.338741364,0.467473009,,
633,0.042583384,0.09030969,0.362481308,0.512075794,,
634,2.18E-10,3.29E-10,0.349097985,0.484507015,,
635,0.042111207,0.089291665,0.346710769,0.484188308,,
636,0.043759841,0.090060063,0.295251418,0.52088543,,
637,1.87E-10,2.90E-10,0.413363013,0.601412472,,
638,0.03951937,0.087488772,0.516552827,0.70758489,,
639,0.044651652,0.091901422,0.236882178,0.290912076,,
640,0.057933122,0.105674045,0.59458035,0.855397378,,
641,0.044541314,0.090849012,0.422725343,0.671190055,,
642,0.049290445,0.096755185,0.254410277,0.341692287,,
643,1.88E-10,2.80E-10,0.260376825,0.426459229,,
644,2.02E-10,3.08E-10,0.393768667,0.611187478,,
645,1.89E-10,2.79E-10,0.388919734,0.527254282,,
646,0.038420556,0.086263914,0.335325986,0.4616583,,
647,0.039348344,0.086269732,0.411641924,0.555755341,,
648,0.050458251,0.098232707,0.323537152,0.458044289,,
649,0.050885967,0.096420191,0.279627524,0.413247651,,
650,2.15E-10,3.35E-10,0.328899372,0.523716692,,
651,0.042007187,0.088488868,0.283210228,0.404848792,,
652,1.91E-10,2.98E-10,0.470561513,0.622762945,,
653,0.044584906,0.092234762,0.361196841,0.565510138,,
654,2.04E-10,3.02E-10,0.386861107,0.562704087,,
655,0.053768351,0.100206777,0.321666202,0.514389172,,
656,0.049373741,0.096699632,0.388119778,0.500099876,,
657,1.79E-10,2.62E-10,0.391689722,0.56155501,,
658,0.041957727,0.089781635,0.343265934,0.447925818,,
659,0.042516964,0.090129681,0.473508292,0.711805858,,
660,0.056705246,0.10446945,0.371118881,0.54544815,,
661,1.93E-10,2.86E-10,0.489314928,0.723791274,,
662,0.039361845,0.086769559,0.308080124,0.420134813,,
663,0.039905906,0.088072982,0.396706508,0.519342271,,
664,0.040224076,0.088539163,0.389520878,0.499871441,,
665,0.045045516,0.092638275,0.294270652,0.409008991,,
666,0.043646727,0.090617151,0.242427771,0.33752052,,
667,0.043394473,0.091839604,0.375264881,0.530475507,,
668,0.0461639,0.093609855,0.355319934,0.477675587,,
669,0.042274506,0.090254987,0.37660237,0.507302412,,
670,0.055923167,0.101942634,0.276146583,0.398751545,,
671,0.049167578,0.096234244,0.418523783,0.540894861,,
672,0.043905516,0.090712138,0.372633287,0.507184223,,
673,1.82E-10,2.65E-10,0.376110812,0.667163931,,
674,2.29E-10,3.59E-10,0.365645682,0.515064049,,
675,0.043106783,0.090413558,0.34336031,0.497727897,,
676,0.049442589,0.095199024,0.253841219,0.386169136,,
677,0.041556051,0.088327126,0.394612493,0.537903758,,
678,0.038562348,0.086292329,0.383435316,0.520256385,,
679,0.054425243,0.101751513,0.302406266,0.398614102,,
680,0.038897941,0.086383589,0.323793048,0.47313567,,
681,0.048401179,0.096096331,0.450848995,0.695965792,,
682,2.10E-10,3.06E-10,0.275063174,0.441831881,,
683,0.045086367,0.091244858,0.313400966,0.422154288,,
684,0.040787842,0.08819141,0.380311489,0.495848469,,
685,0.052648428,0.099779372,0.327251579,0.425756552,,
686,0.045247923,0.093538028,0.382933887,0.54120529,,
687,0.039180897,0.087214193,0.4212472,0.555630779,,
688,1.83E-10,2.63E-10,0.414635669,0.586216098,,
689,0.041355339,0.090177488,0.449175243,0.657016366,,
690,0.041817644,0.088772548,0.31088347,0.492739314,,
691,2.10E-10,3.18E-10,0.323745308,0.521072092,,
692,0.043342096,0.09035403,0.280165942,0.372817408,,
693,0.054815083,0.101399169,0.348272013,0.455570875,,
694,0.047995321,0.09427309,0.339706605,0.458520903,,
695,0.04010899,0.088228885,0.352869186,0.480241082,,
696,0.047532119,0.094032591,0.27944449,0.384988267,,
697,0.041077943,0.089306013,0.366757262,0.561698284,,
698,0.04867845,0.095359444,0.298522438,0.383192998,,
699,0.053379997,0.100020258,0.303864756,0.408210209,,
700,0.043832313,0.091836089,0.442770261,0.665178394,,
701,0.046034518,0.093978277,0.392413555,0.507588837,,
702,0.037603848,0.085347751,0.386619029,0.581736972,,
703,2.25E-10,3.28E-10,0.421470043,0.62487837,,
704,3.08E-06,4.49E-06,0.408355091,0.575644874,,
705,0.04041707,0.087728418,0.412240757,0.609505944,,
706,0.046454604,0.092682147,0.305389199,0.451384485,,
707,0.041353992,0.089630337,0.48955072,0.691516004,,
708,0.042791341,0.089329652,0.385089715,0.511498145,,
709,0.038887947,0.08725917,0.481206764,0.611541587,,
710,2.07E-10,3.05E-10,0.329955293,0.506811997,,
711,0.041025747,0.087842394,0.450923065,0.672918069,,
712,0.045653745,0.092070652,0.336078362,0.463724428,,
713,0.044611803,0.092633864,0.333399345,0.489858582,,
714,0.037568286,0.085805108,0.487993728,0.664905444,,
715,1.94E-10,2.88E-10,0.393363449,0.55331505,,
716,0.057007341,0.103439961,0.259541115,0.351617936,,
717,0.040423631,0.088318376,0.354285662,0.508242265,,
718,1.83E-10,2.66E-10,0.390146299,0.610776711,,
719,0.044368691,0.091980531,0.46265101,0.590584414,,
720,0.055101981,0.103938228,0.49107921,0.666919035,,
721,1.95E-10,2.87E-10,0.410519312,0.660501962,,
722,2.20E-10,3.30E-10,0.426315477,0.585806452,,
723,0.039753303,0.086844833,0.292016357,0.404962737,,
724,0.044760801,0.091776043,0.261169208,0.32050224,,
725,0.049229435,0.096779515,0.267279877,0.382237399,,
726,0.040738127,0.087951719,0.265529418,0.412360951,,
727,0.038182294,0.086070371,0.472591497,0.677930115,,
728,0.038575394,0.085575912,0.319060015,0.433360454,,
729,0.039800005,0.087100507,0.35260657,0.483353371,,
730,0.045772951,0.092315634,0.386327524,0.521730397,,
731,0.040735329,0.08892172,0.494060349,0.727235264,,
732,0.046506451,0.093806891,0.325184926,0.448419393,,
733,0.040544402,0.088555668,0.325696902,0.459201086,,
734,0.039748386,0.086985932,0.332242315,0.458288393,,
735,0.035332638,0.083125919,0.485373463,0.629666927,,
736,0.047405455,0.093438076,0.278842385,0.391256512,,
737,0.039474176,0.088030193,0.305956349,0.493810574,,
738,0.04797478,0.095659167,0.339926763,0.421070699,,
739,0.042436141,0.090353024,0.388139897,0.532975328,,
740,0.042823584,0.090326869,0.269355169,0.400400799,,
741,1.77E-10,2.60E-10,0.463739452,0.615261403,,
742,2.11E-10,3.08E-10,0.470068316,0.731146321,,
743,2.23E-10,3.43E-10,0.305662482,0.483373846,,
744,0.036088219,0.084846154,0.403722818,0.52082639,,
745,0.045199065,0.091829414,0.297250117,0.448807463,,
746,0.04360983,0.091144044,0.39142091,0.574056521,,
747,0.049257516,0.098262554,0.48266375,0.669658669,,
748,0.04288279,0.089942228,0.312621891,0.412018167,,
749,0.042288499,0.090117884,0.327696559,0.480435769,,
750,0.046092917,0.092481198,0.401515907,0.63718304,,
751,0.043970021,0.090774043,0.256094996,0.347830775,,
752,0.048980446,0.097129234,0.373674453,0.500825313,,
753,0.037616557,0.085918863,0.352223476,0.548646516,,
754,0.041735793,0.08862378,0.386840332,0.5978608,,
755,0.04327655,0.090003484,0.264034641,0.358988657,,
756,0.044256402,0.092214709,0.332667391,0.452718907,,
757,0.042257514,0.090389253,0.510081117,0.7078981,,
758,0.042218726,0.089443695,0.353562898,0.49961543,,
759,1.72E-10,2.50E-10,0.524723102,0.774962337,,
760,1.92E-10,2.85E-10,0.368999877,0.565148126,,
761,0.039328152,0.086671445,0.252697716,0.312051997,,
762,1.75E-10,2.48E-10,0.467568462,0.658868528,,
763,0.037804189,0.085043842,0.426802678,0.552208343,,
764,2.12E-10,3.17E-10,0.366047085,0.547181502,,
765,0.074392769,0.121186576,0.275153836,0.345861148,,
766,0.041812927,0.089731966,0.427685773,0.616750204,,
767,0.044499407,0.091818543,0.350409942,0.53826694,,
768,0.04621242,0.092409955,0.308436221,0.446810746,,
769,0.037272595,0.085491712,0.569490716,0.801761904,,
770,0.042709988,0.090103106,0.390911368,0.531824757,,
771,2.08E-10,3.21E-10,0.470257892,0.650427928,,
772,2.02E-10,3.03E-10,0.409766054,0.590760648,,
773,2.09E-10,3.20E-10,0.302379712,0.478676315,,
774,0.04802998,0.094799507,0.371272788,0.520186714,,
775,0.045848242,0.093764302,0.31083187,0.411619524,,
776,0.04113401,0.088733192,0.393368191,0.648125186,,
777,0.064244179,0.111796277,0.368036423,0.493543829,,
778,0.040129771,0.088168548,0.261135701,0.358146159,,
779,0.042392532,0.08956299,0.426319069,0.582717777,,
780,0.060979073,0.106624783,0.385351043,0.492554232,,
781,0.044248833,0.092002773,0.333904498,0.414017385,,
782,0.040017708,0.088766666,0.392266715,0.52517113,,
783,0.043590949,0.091581376,0.295252572,0.38363648,,
784,0.044919988,0.092494199,0.371970071,0.494973734,,
785,0.06097477,0.109003876,0.33764025,0.550897762,,
786,0.042195171,0.089523966,0.317661369,0.406255186,,
787,0.040174935,0.088526906,0.43611882,0.603183703,,
788,0.042118366,0.089341945,0.330052793,0.441135197,,
789,0.039649422,0.08801319,0.333937971,0.529835792,,
790,1.82E-10,2.57E-10,0.343851391,0.535790945,,
791,0.045032374,0.092790697,0.341091082,0.427798582,,
792,2.63E-06,3.76E-06,0.341739827,0.550758285,,
793,1.90E-10,2.80E-10,0.275053555,0.419179177,,
794,0.050695425,0.098040631,0.305905909,0.429286342,,
795,0.043091835,0.090623876,0.307168917,0.421017065,,
796,0.05953166,0.106872195,0.340871242,0.485447284,,
797,0.04921503,0.096124458,0.385928494,0.508279293,,
798,0.043580369,0.092150465,0.417900102,0.548609359,,
799,2.40E-10,3.61E-10,0.729398342,0.946127968,,
800,1.92E-10,2.77E-10,0.447446987,0.701579146,,
801,1.89E-10,2.71E-10,0.324689031,0.568236208,,
802,0.048957158,0.095823745,0.400210972,0.641963717,,
803,0.054617929,0.100482911,0.455951729,0.613248734,,
804,0.036301666,0.085082609,0.482891028,0.665994268,,
805,0.041311476,0.088771257,0.320616111,0.433467474,,
806,0.045551969,0.093080246,0.447132556,0.595636478,,
807,2.10E-10,3.35E-10,0.47587058,0.613076064,,
808,2.16E-10,3.22E-10,0.461911065,0.64138963,,
809,0.042178767,0.088874025,0.296949877,0.411658164,,
810,0.038091662,0.086701752,0.329574195,0.407917495,,
811,1.98E-10,3.04E-10,0.399807222,0.557203653,,
812,0.050824794,0.097387743,0.352259028,0.477630697,,
813,2.05E-10,3.05E-10,0.499503444,0.727811486,,
814,0.045758528,0.093645385,0.369609777,0.550696002,,
815,1.89E-10,2.89E-10,0.482942036,0.63278817,,
816,0.044827848,0.092185986,0.428392965,0.593092847,,
817,0.069048305,0.117923723,0.303608297,0.413676956,,
818,0.044967521,0.092352825,0.411941025,0.586686023,,
819,0.040936002,0.089001207,0.321357891,0.439529419,,
820,0.041477687,0.088921767,0.458018338,0.65146437,,
821,0.039475545,0.08700321,0.331501413,0.432955887,,
822,0.039995153,0.087661338,0.384672315,0.610228074,,
823,2.19E-10,3.51E-10,0.484589857,0.669282057,,
824,0.049302839,0.094808803,0.309947923,0.453040167,,
825,0.046990544,0.094356117,0.4016864,0.527399433,,
826,0.042186078,0.091020965,0.429391513,0.56230164,,
827,0.043266398,0.090030935,0.331150624,0.449369094,,
828,0.044262952,0.090881123,0.302203387,0.388427993,,
829,1.93E-10,2.78E-10,0.370477364,0.521446642,,
830,0.041014055,0.088751086,0.356835813,0.496422604,,
831,0.048315657,0.094741628,0.299317994,0.430047832,,
832,1.82E-10,2.72E-10,0.393466647,0.625498487,,
833,0.043761493,0.090597499,0.253316898,0.352022592,,
834,0.074057339,0.120351263,0.275939476,0.397921191,,
835,0.04054739,0.087253381,0.424473541,0.581966021,,
836,0.041180554,0.089563354,0.328863858,0.424571333,,
837,0.048610749,0.095797372,0.359066643,0.456904323,,
838,0.044707381,0.09266567,0.442144859,0.693408364,,
839,0.051762839,0.098723346,0.250292941,0.367629113,,
840,2.06E-10,2.99E-10,0.334249607,0.488023261,,
841,0.043516489,0.090444046,0.294305805,0.424888296,,
842,0.048359253,0.095057265,0.315728368,0.444896643,,
843,2.26E-10,3.48E-10,0.483061221,0.695686081,,
844,0.042986061,0.089008217,0.330169002,0.428283103,,
845,0.047737258,0.094161195,0.425089313,0.617433595,,
846,0.044696344,0.091028483,0.341030839,0.571654591,,
847,2.15E-10,3.36E-10,0.370691425,0.54257605,,
848,0.037535099,0.085095845,0.335887567,0.452167767,,
849,0.03892039,0.08718205,0.324644669,0.429727992,,
850,0.044002146,0.092232792,0.393754125,0.56148538,,
851,0.047208654,0.093938602,0.402244384,0.586188826,,
852,0.05495965,0.10325713,0.405863308,0.561642713,,
853,0.04079655,0.088065022,0.357816062,0.462546916,,
854,0.051429587,0.098958394,0.329447475,0.464739265,,
855,0.040154403,0.086820194,0.35553741,0.508484246,,
856,0.049308743,0.09536603,0.21324206,0.321062198,,
857,0.041527941,0.089352773,0.282421319,0.38193469,,
858,0.042852822,0.090976793,0.391901999,0.579966554,,
859,0.039127885,0.086706461,0.403786896,0.569240058,,
860,0.045895663,0.092222529,0.382619155,0.602783921,,
861,0.04504218,0.092450966,0.385993888,0.551852543,,
862,2.13E-10,3.14E-10,0.444084943,0.610570911,,
863,0.042407274,0.091368904,0.393110291,0.518468983,,
864,0.047904509,0.09473507,0.288007687,0.396241365,,
865,0.036789208,0.085273647,0.406012692,0.555480945,,
866,0.04677208,0.094168963,0.365787014,0.477892366,,
867,0.045848787,0.092364304,0.267193742,0.39946313,,
868,0.045523495,0.092269419,0.229127395,0.345662672,,
869,0.041341069,0.089588893,0.308936132,0.406376715,,
870,0.047140962,0.093530923,0.280893801,0.377891256,,
871,0.041843446,0.08986486,0.473056445,0.687230843,,
872,1.91E-10,2.84E-10,0.364918742,0.543153415,,
873,0.039526899,0.088020393,0.478870332,0.581768686,,
874,0.037364763,0.08594509,0.471160133,0.626542542,,
875,0.052037129,0.10003333,0.378038901,0.488094502,,
876,0.045464578,0.092905724,0.339131767,0.478562712,,
877,0.040067414,0.08767687,0.375727737,0.482631543,,
878,0.04822665,0.094057459,0.44221131,0.56805038,,
879,1.91E-10,2.87E-10,0.324969457,0.492425725,,
880,0.046716147,0.093019404,0.314308597,0.493930695,,
881,2.12E-10,3.22E-10,0.438219758,0.623025019,,
882,0.039517913,0.086816156,0.31398348,0.46670446,,
883,0.040723891,0.088270688,0.388438064,0.557013009,,
884,0.046621095,0.094305571,0.431513557,0.606992736,,
885,0.047825892,0.094362248,0.402808185,0.566113456,,
886,0.035241654,0.083850116,0.453118514,0.58483439,,
887,1.91E-10,2.89E-10,0.379045603,0.594963515,,
888,0.047349528,0.094921768,0.363328355,0.478062176,,
889,2.03E-10,3.13E-10,0.373451621,0.51753928,,
890,0.056014825,0.101949147,0.321081295,0.439129331,,
891,0.05319579,0.099938161,0.345381703,0.509968891,,
892,0.042024406,0.088974387,0.321822784,0.400630441,,
893,1.86E-10,2.80E-10,0.285637647,0.434971095,,
894,0.044443971,0.090150897,0.266453076,0.358726883,,
895,0.041391403,0.08819687,0.235922138,0.337806347,,
896,0.041781173,0.089268522,0.380785008,0.530016672,,
897,0.044605305,0.09193574,0.322529629,0.477918735,,
898,0.0435027,0.091523841,0.345473293,0.449101863,,
899,1.88E-10,2.75E-10,0.551500859,0.889010116,,
900,0.049896838,0.096701788,0.32045798,0.470322106,,
901,2.07E-10,3.31E-10,0.377058719,0.53640064,,
902,0.041397204,0.088464464,0.341579633,0.562110048,,
903,0.04128382,0.088701553,0.377200889,0.542916729,,
904,0.046637648,0.09423675,0.383989476,0.479820967,,
905,0.044503907,0.0923985,0.292664754,0.467435241,,
906,0.03965869,0.086626736,0.389456224,0.492450778,,
907,2.13E-10,3.14E-10,0.442925111,0.553468248,,
908,1.89E-10,2.85E-10,0.373130963,0.534196249,,
909,0.041506253,0.08902827,0.323697298,0.498658649,,
910,0.051505119,0.098535522,0.456559343,0.704602443,,
911,2.29E-10,3.54E-10,0.381282796,0.566833673,,
912,0.049232498,0.096425188,0.321581094,0.426927003,,
913,1.83E-10,2.53E-10,0.474211094,0.689229283,,
914,0.047838671,0.094114162,0.338007071,0.472868309,,
915,2.01E-10,2.92E-10,0.305598475,0.438640877,,
916,0.037603421,0.084793503,0.542309962,0.683131642,,
917,1.84E-10,2.76E-10,0.439701307,0.596358244,,
918,0.048998389,0.095748616,0.416013016,0.60756667,,
919,0.048659007,0.095296542,0.404336022,0.536914571,,
920,0.036984174,0.084635849,0.400180863,0.518234383,,
921,0.039120748,0.086827886,0.215780442,0.316725121,,
922,0.051196235,0.099182785,0.371531333,0.486747241,,
923,0.038567003,0.086147436,0.310791624,0.393419333,,
924,2.03E-10,3.13E-10,0.509554543,0.831114807,,
925,1.90E-10,2.87E-10,0.380170803,0.548334335,,
926,0.040979582,0.088217924,0.361788524,0.564300518,,
927,0.055623757,0.101178746,0.360260974,0.461772597,,
928,0.040122931,0.087109802,0.319297835,0.437824087,,
929,0.040249128,0.088782344,0.401904088,0.511173991,,
930,0.039493113,0.087340044,0.355728341,0.457408653,,
931,0.045786817,0.091600599,0.25032664,0.380478694,,
932,0.038808059,0.086423398,0.40446118,0.614246511,,
933,1.93E-10,2.79E-10,0.494368823,0.641137017,,
934,0.046327734,0.092845212,0.281360706,0.510128818,,
935,0.041898881,0.089995603,0.331756693,0.456829513,,
936,0.046054321,0.091925205,0.406108424,0.601954,,
937,0.04297132,0.09018285,0.309526846,0.510207347,,
938,0.037885179,0.085576032,0.431039056,0.589316143,,
939,0.047496771,0.093480688,0.290784758,0.408321554,,
940,0.050318859,0.096841491,0.292636061,0.372617946,,
941,0.040278461,0.087270894,0.31288927,0.413350788,,
942,0.044787702,0.090918159,0.286097786,0.371148155,,
943,0.038108671,0.085874382,0.367584006,0.484646689,,
944,0.041966604,0.089339894,0.414235394,0.598651037,,
945,0.04755851,0.096030542,0.355986753,0.553355986,,
946,1.99E-10,3.03E-10,0.440966553,0.625402147,,
947,1.97E-10,2.81E-10,0.460321083,0.603226075,,
948,0.04505545,0.093688945,0.380912349,0.485134916,,
949,0.041719034,0.089217697,0.270068586,0.374791236,,
950,0.054704844,0.101460081,0.307251614,0.433690889,,
951,0.043766598,0.091225266,0.338247779,0.445421092,,
952,0.041312309,0.089261724,0.368255021,0.487258619,,
953,0.036944676,0.085919599,0.571902387,0.791375673,,
954,1.85E-10,2.75E-10,0.360513726,0.507334073,,
955,0.038482464,0.086793806,0.372420537,0.477418277,,
956,0.04344401,0.091216065,0.43584443,0.667038569,,
957,0.063198931,0.111771558,0.391643568,0.600383008,,
958,0.041671649,0.089441494,0.394221054,0.512007195,,
959,0.049620451,0.097185023,0.372008826,0.519719922,,
960,0.044842028,0.092571916,0.306329484,0.401944566,,
961,0.042832104,0.091368525,0.444683917,0.674041038,,
962,0.042518704,0.09028507,0.287342447,0.369116614,,
963,0.039290333,0.08703609,0.301622126,0.362841348,,
964,0.040639911,0.087723065,0.201047798,0.31134983,,
965,0.044240122,0.091595895,0.311407595,0.446773873,,
966,0.052205149,0.099523803,0.415483884,0.599894927,,
967,0.039725373,0.086496088,0.447686611,0.673044034,,
968,0.047214071,0.093553292,0.259103954,0.405377227,,
969,0.047938238,0.093927979,0.365978819,0.499158911,,
970,2.16E-10,3.16E-10,0.444548329,0.612298941,,
971,0.04273951,0.090371546,0.375849379,0.474973609,,
972,0.048608244,0.095008626,0.293601638,0.413933987,,
973,1.87E-10,2.90E-10,0.475507528,0.662792473,,
974,0.045191705,0.092101722,0.336905405,0.443693909,,
975,1.94E-10,2.91E-10,0.360745244,0.540687902,,
976,0.04042144,0.087941643,0.390267651,0.545360017,,
977,0.041394381,0.089665064,0.344067333,0.479490471,,
978,0.044648789,0.0909736,0.34424646,0.506477344,,
979,0.037898066,0.085609677,0.463692444,0.689544017,,
980,1.94E-10,2.92E-10,0.434718743,0.666073144,,
981,0.038862045,0.086864317,0.326094722,0.419969556,,
982,0.046240878,0.092342369,0.280901279,0.450494998,,
983,2.24E-10,3.49E-10,0.361680657,0.490664608,,
984,1.96E-10,2.89E-10,0.478777286,0.715095103,,
985,1.79E-10,2.55E-10,0.332169893,0.487950564,,
986,0.060240577,0.107698516,0.229982794,0.325155693,,
987,2.05E-10,3.08E-10,0.309838324,0.462668914,,
988,0.040283345,0.087880985,0.286591777,0.382903427,,
989,0.038088153,0.08621587,0.420015331,0.540580051,,
990,0.040211594,0.087668386,0.390466449,0.491065727,,
991,0.040358527,0.088017921,0.370745411,0.502056968,,
992,0.065994926,0.1145486,0.358265099,0.45744436,,
993,0.041091753,0.08862708,0.301146497,0.392675731,,
994,2.18E-10,3.35E-10,0.529879326,0.772943595,,
995,0.042609452,0.089130066,0.331923512,0.430568186,,
996,2.37E-10,3.76E-10,0.494042073,0.680531253,,
997,0.040539626,0.088343409,0.411386112,0.627437406,,
998,2.09E-10,3.24E-10,0.443736427,0.668406778,,
999,0.038433172,0.086734593,0.386198197,0.475554687,,
