,Train_MAE,Train_RMSE,MAE,RMSE
0,0.4619286779116979,3.272174119351141,35.94093304834931,55.25620898959879
1,0.7125813435021442,4.994709553658036,27.82413358400437,42.74355141992982
2,0.48187537932725116,3.05253373744243,28.295144987210787,44.346069898088295
3,0.7019626484423406,4.965450096512357,27.664244832025233,46.93563371068109
4,0.7598840185848087,5.325262170342765,20.320057079778135,31.323401693340536
5,0.7270179285414982,5.163335666670268,24.677160697956456,40.313382223346174
6,0.6809494576596457,4.930146486297004,28.428569922449853,52.16588938044764
7,0.4414624490865106,3.472973233747125,34.35813986652229,67.6115840823694
8,0.6715137073503818,4.804888922232894,22.814860221543572,35.624113043425346
9,0.7000683942188125,4.980783110704614,35.02149453277702,56.65891881344613
10,0.7030599328694158,5.045438637460426,33.85682154344591,56.86435230975551
11,0.7048940959933877,5.000244924604637,27.797901820356216,42.70998891415146
12,0.6818395022145122,5.052050655006733,21.14935323450863,32.44756533696492
13,0.739183472335559,5.336388644163633,21.50707612630091,30.616431145174058
14,0.4600549404368256,3.6397036958777194,23.07691794843441,45.310915868650525
15,0.6780478992804587,4.900403392362566,32.040625453835894,56.090291167410086
16,0.5722484086697235,4.669778519167691,23.32466791200809,39.056639435577566
17,0.718039193780101,5.086212074091567,25.629605444552258,46.780939844663706
18,0.6897619174724815,4.568391086442907,28.5087930761312,50.98207194386804
19,0.7390255782912316,5.103173045831419,28.877046557987487,44.16618856549429
20,0.701303476210585,4.952360223402184,27.32086367723453,42.72051002492304
21,0.593400969500392,4.784351925836107,20.394392297397207,26.25485944219908
22,0.5797100911346272,4.719111397166545,21.459168400312166,30.851281366282386
23,0.6069121083308823,4.69740355326134,36.69121603838163,65.48186157339576
24,0.5948641975621994,4.264349251939899,25.750864454144033,41.26263219190625
25,0.7725084482660848,5.538639734048761,23.912204777803726,39.49389414555846
26,0.4231769255651328,3.412241045317545,29.816520250444874,43.53831180484531
27,0.7127579189429525,5.039720791051516,21.67331145379071,37.25144474381014
28,0.7238027626257435,5.1855880669441285,22.510444159699468,31.139152592085953
29,0.7071166138327188,5.075600926428465,24.866535199598253,41.946745135700446
30,0.6224521078829554,4.6979555365737005,19.897207901517255,31.59085062810397
31,0.6871712573997741,5.0288164127850505,23.88315380213523,46.7418144112805
32,0.62478352587493,5.142417144122822,27.54460810000156,42.54837437527998
33,0.6959807969059482,5.0099606595401776,32.813704263487814,53.66180226606481
34,0.6604968306968663,4.912068353549021,26.33603468026362,50.13589443049187
35,0.6980546737534696,5.109286078581235,21.175891715004873,33.31188904175673
36,0.7242727401170409,5.034576143111313,36.00925914269019,55.7540815580671
37,0.6861349511509287,4.555676535826416,20.646096059300653,28.8455860270232
38,0.666146389534981,4.5462524094045325,25.87146517633927,42.47323889513044
39,0.7249102018271772,5.19237369269782,35.506401997510785,65.85010242499628
40,0.7240365314535894,5.196603996333816,25.64528993010252,48.784584678385706
41,0.6509713883251894,4.539112643804357,21.759062742227282,33.52889606674378
42,0.5360897333784811,4.48908244308365,24.740732148122298,42.03393262333463
43,0.7049164410757324,4.978846383785032,25.149229992528934,40.22228472587568
44,0.5684955626832225,4.024537429190459,15.814002902198164,22.66105061774174
45,0.7427325988755427,5.069492279895722,28.916321040909597,46.727846605303675
46,0.6223787895979112,5.00941305188222,17.297248952811863,24.625366430554124
47,0.7596910779786774,5.332986333458519,19.217763744789877,26.716161289144182
48,0.5731271139069104,4.471555487179378,47.20927417552621,70.72278880735898
49,0.7202969611556982,5.048665995624262,27.039148983415014,37.78421214298469
50,0.7136488654671028,5.060907627530814,18.748409243698884,32.20852397172458
51,0.7230085588175295,5.125430848161766,23.202523678530866,40.722877718842
52,0.602469274275973,4.877302688697878,28.4563939507349,44.557426624404265
53,0.6127165942831696,4.3780849560055835,32.05074403320214,51.61872149973675
54,0.7284683344190589,5.143723832530662,21.192597218156454,32.572655069226926
55,0.4724087137231063,3.159898567924837,22.429983269805998,33.05147526728744
56,0.5173437180841041,4.151452604261723,26.216672895114005,37.73646050796523
57,0.5022220036604838,4.018131873675686,25.611494603755467,43.102381623465185
58,0.5718758864448246,4.733028912201693,16.673250916689856,24.601330614568283
59,0.7272617247442855,5.066359722294058,25.8191685506066,46.64866926061973
60,0.5335997242393549,4.374435683180174,17.649921171865202,28.88140393030303
61,0.5901245140377561,4.319663562573434,20.47959229989836,33.21850223660534
62,0.5819029600563085,4.682987837089489,29.85415402856406,53.69608279674102
63,0.7226358733812416,5.15392388684664,24.023156311116185,35.86312198738075
64,0.4623171453115184,3.163690722138126,30.404823285354883,49.28191720666187
65,0.7460239766309176,5.315732399224957,21.903978036805487,35.40306694474794
66,0.47709566181127555,3.391806275245182,19.113174588758845,28.388354116368014
67,0.7133038032514362,5.4289291520222855,18.223014815328696,32.57751815856324
68,0.5807529838327641,4.781727719141988,28.405006583735474,48.89821954344706
69,0.733809564525078,5.034615739664089,22.017741988391748,35.46027927967826
70,0.6716245710538831,5.046846409823733,20.305210648728927,33.48886710405969
71,0.32806803756165315,2.6079875341515373,28.740657641017545,48.42770968974622
72,0.5670503289563397,4.33267854771428,16.910322013618234,22.591233170256203
73,0.6549134980867611,4.845363779617095,35.21839095256419,62.06638185183429
74,0.47202655564875745,3.098254209441974,17.799545804351993,25.758595469434855
75,0.7327648598830026,5.16665785384153,34.215511764900285,58.65421120721897
76,0.7152804903921811,4.948933372736812,35.81299535307577,61.00235249419537
77,0.7298825219164415,5.0560002505916435,16.35436343355831,22.214929824921967
78,0.6163219567860996,5.128866667343813,24.1083481351986,42.70259009270619
79,0.7071719239396018,4.9846157389252514,19.808218346498816,30.536156438347962
80,0.7146289369489826,5.040874779777391,30.705842403943887,59.02875949230677
81,0.5935119116116324,4.268144919985902,26.266158369641936,41.59367900795678
82,0.7021978210616149,5.088693319727949,29.74237289374044,49.902251784941484
83,0.7166442294151165,4.999299952668416,23.54388040697817,40.7529554052206
84,0.7348935413606317,5.097402934880773,21.499423675864232,31.58931610385682
85,0.701972908654681,5.022696343362364,30.33316777631241,53.626015246892194
86,0.7125389749292586,5.027954715807605,28.573037701597524,53.13540022585362
87,0.7299472865131997,5.097722680186228,31.780820204247963,53.75627782146119
88,0.7251800890651112,5.039995989777859,32.03245319346107,53.2428001056431
89,0.7152674515450949,5.0829989527778965,27.68638993636709,45.366415222191506
90,0.6236759514405096,4.44041302092991,25.04538281974115,42.823561199898236
91,0.5434594712433967,3.9136926529819975,22.26518669971035,31.190012150722065
92,0.681499680227802,4.937405097566634,24.627680102736356,38.569238028916125
93,0.5270998272702767,3.879514697257869,45.26985854298298,69.85310848941933
94,0.7492015147578004,5.3744689119211815,26.835131839115636,46.04636772921124
95,0.7338582244599628,5.185937878445041,20.75660203559284,28.74788398833722
96,0.43078887986917386,3.0994377294439737,27.44807145965644,40.67030777859017
97,0.7648458809683658,5.357805176624341,12.753831542067937,16.869178101804938
98,0.7194842445210984,5.016364274333837,17.5846158254368,25.945093646764118
99,0.7051262941701179,5.132148862847938,17.258226498290657,25.39912240119305
100,0.7569101025613675,5.287317684110957,32.991634832093396,52.628210639409055
101,0.6210816450089384,4.249359305133945,30.064506201879894,49.75400418121931
102,0.7252055114549792,4.94971183564851,27.3993828723664,51.156995991813645
103,0.7651439013690242,5.5213248206330645,33.07825719373635,49.29939624039344
104,0.5945880300129343,4.195151250811054,30.520348979877237,40.07188773138853
105,0.6984652962767374,4.967957298586861,32.50946462959739,52.91890995399937
106,0.7360067039924004,5.36494845430025,36.35420091359029,65.7539256356886
107,0.6991091157841173,4.994953872781265,14.330092049137301,22.990703045064542
108,0.6912017421231914,5.029807312956159,18.492067404570673,26.328194580591916
109,0.6851456148445463,5.07350942869774,20.824700562205706,29.495871624000742
110,0.6130694308741835,4.273792552008332,27.436952728690205,51.48040802755228
111,0.6611473953962578,4.941556751176004,27.677649901986733,44.50084046640788
112,0.7116285304705451,5.361063842828838,20.836411903247846,32.990481244583044
113,0.7281323812484345,5.020318149666814,19.182571112735534,26.682158212123593
114,0.5314602548534836,4.19131510097689,25.217059678102313,39.521501121526704
115,0.6608571163440694,4.954639525005547,24.059142214284773,49.954483464688
116,0.7201179063337335,4.947100447573961,30.292712202279606,45.524098610290096
117,0.7054377942010868,5.12974296032672,29.68828021215164,57.000828720988935
118,0.7495051685556156,4.968837818635946,24.465605063514886,39.92628890226266
119,0.7079010587169325,5.0257994313795304,38.34950554858417,83.23426344269306
120,0.6885577640555041,5.033167449933363,20.444695540910658,37.05964219681952
121,0.5653526779709531,4.193502638566443,20.91819101820107,33.74673602539393
122,0.7127425258137046,5.007156686824416,26.626582621652933,45.54489359593594
123,0.5156669525800436,3.720903260540719,23.59902968518098,37.49817372324295
124,0.7057712098077376,5.065637186452299,26.662303115098165,44.21471941325947
125,0.7254513788501696,5.032929585171573,31.727448996272088,55.16687519700403
126,0.7299450723074528,5.043338518729748,23.93322721773783,39.703333866960826
127,0.49388781486658767,3.125687464794129,23.652000417982286,43.44415886186365
128,0.5462945196961552,3.9968699568835357,15.423169474157918,21.49336772558326
129,0.5893972785923394,4.3293610051096545,49.34832692608479,88.36640609057221
130,0.47771429323551884,3.5970918632943487,24.951183456408742,37.96849438653134
131,0.6811627031176891,4.94947989557999,16.865948425387142,25.2908437565173
132,0.672400523121931,4.923591200303172,35.741345555116006,62.77580531181394
133,0.7238001234465693,5.022681757850866,27.85792581163428,47.43794274191064
134,0.7164793689080486,5.0310811027377795,24.29291867394559,37.933973722869695
135,0.7276283535158601,5.212014829091874,24.404268120614617,44.36548483828494
136,0.34907050506403653,2.4689224734975097,26.675568055910432,38.44433085034342
137,0.6120755297382472,4.29448297813732,22.518472110699857,31.880705832962693
138,0.7325719534033986,5.019523999082669,20.334365309433263,34.415489720237545
139,0.5264725133463046,4.554127911690893,18.13176938779903,29.20320246485871
140,0.4953876332653061,3.4331838205589,20.17199006302929,29.27167364043072
141,0.48295240901752,3.2984377876867708,25.929061056441874,35.88983268042413
142,0.7192189345376858,5.118873624701803,27.294534179644447,44.31604760580166
143,0.7414677576155652,4.995097253006682,24.438987945374976,42.74288572025851
144,0.7374761843615636,5.346195252915867,23.529413448409247,38.543084614273965
145,0.6890701028434806,4.872652740513575,29.687618682850754,49.21486872178565
146,0.6850307132883012,5.11298756518257,26.267065410011018,42.397711314109834
147,0.721976016833709,5.00970607052998,27.193845683704915,40.09471863035276
148,0.7047808745197531,5.028331247456448,16.82434618313716,21.379856968598162
149,0.48143689158699005,3.1950270952583035,21.776619692861683,34.70824513618173
150,0.4834070802915104,3.5257423799252656,26.355230479963396,44.101831059451335
151,0.7381596331295832,5.402130366916145,23.272748610965667,44.327813520485776
152,0.7203001244438377,5.041539939252314,18.681728498415175,26.745597192440957
153,0.5684540656791356,4.469931987949169,26.06407768922703,35.31475112509913
154,0.6702168632804864,4.910862135866848,35.40499395427495,65.56314563890415
155,0.6942610887606757,4.988915489531682,33.44081960369877,53.40674168184136
156,0.7218620699686539,5.016878501663841,34.644897336427675,52.99202432228058
157,0.7159000418202962,4.948237167445594,22.347580627187416,37.65933470325161
158,0.7526683043637864,5.5856933586085535,24.611619164525315,36.40140414360981
159,0.6029045718228953,4.4265217597637765,20.9692869861641,30.87174093424231
160,0.7090264502629046,5.010969024971498,29.808156494351227,50.46318657845346
161,0.7255798753390882,5.027674719376889,23.586815347147752,36.88002036406723
162,0.5930632626931969,4.307401471518577,21.370343298056,31.497453619004503
163,0.47061775532594863,3.149437903923427,16.414213490245523,23.076262557242693
164,0.5742502880647564,4.901359791813633,27.69949183824462,50.56627032208005
165,0.7264973636342084,5.006921744544249,29.84002446406473,45.425591543688405
166,0.5684293791465833,5.110186122182292,19.887471781017048,26.276979937022027
167,0.7282628789210518,5.0581275788833935,22.761287429148375,35.780086785366095
168,0.7081127787964248,5.026742356237443,32.51352026450104,54.20974889327508
169,0.6740086847772452,4.954291289678792,25.020702085903434,45.54704570142429
170,0.5426891581772956,4.126318002152038,38.30882387710618,61.83631547685364
171,0.5918657004934271,4.251701653670161,27.788180106792872,43.33665589320506
172,0.5912118901390028,4.138629519875348,20.785710760577505,30.36604539651009
173,0.6958977181019828,5.00423215572905,21.45992817014894,39.84147190759432
174,0.7014430184776542,5.057198987338291,19.01552495499668,26.404705387032276
175,0.6963637080662846,5.004076449097144,26.589916027508096,46.8140875042706
176,0.45616057914618796,3.4959653821142282,22.497382842216076,36.10731264566409
177,0.7260044493724859,5.032317756531281,19.444747704685167,32.99216877884498
178,0.7254192510199873,5.012647265010317,24.843164902729406,44.36495232423248
179,0.7024968146604188,4.977576970850244,29.312114457861878,46.403562461803205
180,0.6565521705810661,4.509183684623829,20.074323270878235,34.57654300205377
181,0.7061316206558104,4.9555011737907355,24.96156900343528,43.70082555064618
182,0.5358720107895331,4.058245971718253,21.657606332661135,30.13053088286314
183,0.6122137534783864,5.0597685708802915,19.845097174819514,32.535134434462265
184,0.7080922298177809,5.003470676526604,31.759409620141568,55.24371033272137
185,0.6386895636166945,4.520734696587897,30.0506381933902,50.604188944329834
186,0.7242687886683485,5.1805890547952815,27.802020826607606,44.314662612016754
187,0.7324867352756232,5.368173925155289,24.770865409764642,39.494642571248065
188,0.7162785191498594,5.016816243749126,23.176506087439066,37.20848290295018
189,0.5499797880699082,4.510650466097654,24.71009643314444,38.75347211472565
190,0.7144091882505842,4.97314336714954,34.164394214351525,55.75969862619118
191,0.7103933861695543,5.0263616943174085,22.08547889579714,42.2935107511605
192,0.6800875271207333,4.958647021081315,24.63368871674057,41.29708386400304
193,0.7171936528335943,5.121558188104514,18.201246264886894,25.763170152261544
194,0.5907375890330702,4.332102450755291,22.20969239868934,32.317023431252025
195,0.5945618735429096,4.767372100578605,29.188584741028677,53.471833896838895
196,0.734209750800913,5.042196023229907,23.677782276664917,38.56547205660834
197,0.7465058813410955,5.448711042453801,16.99659532061735,24.850368716792754
198,0.5401332621130698,3.871901589060456,27.107089782941475,49.021815862070675
199,0.7181561847688805,4.990722143970962,37.47275413518419,62.786371191662575
200,0.6978901862200716,5.104916738463079,41.576668979088645,62.882907472337685
201,0.7462072867650649,5.163097133116759,22.78476818035792,42.98755955531268
202,0.748266404376937,5.5204850173497215,26.987736717683934,50.48417888068842
203,0.6904225201260402,5.043385761098161,29.793519285243207,42.42967832899848
204,0.7316421720297719,5.02416681419902,28.39732911678464,43.370523651271476
205,0.6993276163335962,5.002243492031958,25.20693926426135,36.73528403806689
206,0.7380729197849347,5.158463657371217,15.430373461439048,20.071157552298544
207,0.7153085005487932,5.042093425539104,32.95331055220247,55.775935037670116
208,0.572773842002481,4.2620222914342785,29.29700208313317,54.96086111522812
209,0.728580112909092,5.0129236414502,21.549839644657144,44.152206791512675
210,0.7305368937735476,5.142030786499075,23.108360399410007,44.53639172612066
211,0.5416824157178444,4.167134340542612,30.167500578474613,53.248860319241615
212,0.613408042254072,5.041006233956896,22.190478640201665,27.42604411436394
213,0.4634447476214669,3.2527949297827328,25.75278194664624,43.3656477585234
214,0.5870116346542326,4.6838035856421305,19.709033939684264,31.79204846323524
215,0.7251299353253731,4.992795092759469,22.3793123780131,36.69507452008091
216,0.6110638646596689,4.398560290650541,36.103906059028894,56.29457876087278
217,0.6101473036384304,4.4515801643485915,23.52553814227607,40.263666311863105
218,0.5555712582757387,4.0282875027330745,41.76296814573119,70.3659939957957
219,0.6469008158940277,4.484382708818264,30.45159912714031,42.90342033531863
220,0.71624738372719,5.0350759075836855,14.558299124896676,21.77355208752095
221,0.7598255277871931,5.177545180044813,18.91098945344945,28.60555383239396
222,0.7102865034792454,5.035277227898475,26.72437340573071,44.783160678222806
223,0.7148335662850827,5.068383003674441,21.727835978243228,30.547122625757275
224,0.7088783497681725,5.0135688548714645,37.73272859239504,64.74169737204012
225,0.4917996557945504,3.1577779931625334,24.981065960958123,42.12777124537441
226,0.7352790230239181,5.021670760109908,15.824992438074627,22.830656283269384
227,0.4672202963025947,3.6246229755519757,31.706983737953117,59.79920028723092
228,0.6412440542292392,4.542107564294392,30.117786035960442,45.61704680509853
229,0.5059741949663756,3.6938686298057144,22.581639492459647,32.28553891113251
230,0.7210304588086717,5.036519827254393,33.626016035301994,58.62286866782067
231,0.724605360045314,5.070732300313098,40.9128393797146,67.73284398166736
232,0.4818166275956721,3.91009950461075,24.941996977327143,33.522109465472724
233,0.7311539165677854,5.035223990212713,20.090908590263,27.819629674705748
234,0.7183948666748353,5.037007834546941,20.14579301620367,28.2419847440485
235,0.714663198701736,4.993961382430388,28.73927331099852,46.09051250195943
236,0.4938648028823635,3.2092223419834958,27.375263438727696,46.8055680963157
237,0.599119510666685,4.473759591110869,24.939650143703716,39.9804694999553
238,0.7363834856045242,5.3468842484693075,17.407331211302193,24.205545107764078
239,0.7502459440732956,5.352588113552166,22.099419677302823,35.63960384859299
240,0.7378557986645645,5.040732489183552,19.693415914688934,32.785052740368094
241,0.7181867806448514,5.043029966765211,28.67173286274336,41.97596485599314
242,0.7210921874075842,5.039539576640058,23.12233450103351,34.83552498283545
243,0.6792115042668605,5.066930374886156,26.491072318267022,43.04823814336939
244,0.7422115948345122,5.021698808498199,16.051982890545737,21.299328633417325
245,0.7357826463810743,5.012763879690846,31.232905972890894,57.891888748234805
246,0.7407548636015454,5.127443206252882,27.88814030469015,47.790926961282054
247,0.7185415856969103,5.116878713984373,28.735109251215825,49.208125984211314
248,0.7008032154581243,5.041136076679755,20.3199622307069,30.999648240676056
249,0.4710071236755623,3.52605275656125,34.05332675391397,54.2162439913279
250,0.7200913091287926,5.015201016862139,25.22581778171466,36.33665479564698
251,0.7064583257273075,5.070677976607637,24.50272942502107,34.10276916133367
252,0.7494305936940444,5.309792408836881,27.71436511578324,42.76660332649077
253,0.6821329365949506,5.04215911123945,23.30786822620724,31.104397092426897
254,0.4923197078071415,3.2536202863201003,17.93873558591746,26.26737227989404
255,0.5836318860428508,4.71020988231842,30.52760034451767,52.77562282952902
256,0.727476419293103,5.048637016090114,15.048775385942836,29.83722959330423
257,0.6565834086977771,4.951739478284938,27.18739209170526,45.25395399264971
258,0.5120670184610386,3.4543072568413202,27.970408236968243,42.02776471318287
259,0.6610568532576625,4.454179682387737,25.67430564591478,42.74393975604508
260,0.4825977953565044,3.157576328991269,23.749364305537075,35.13806400839984
261,0.7170234617147009,4.963976138440388,23.436702243448202,41.75140919189815
262,0.7487105948806935,5.019432704680999,24.248555195091953,40.53051195431933
263,0.7245436877017849,5.030515132149584,16.00671227737962,20.546773724783463
264,0.29268759672510436,0.9920603207961934,41.10221718475787,60.395676229147725
265,0.7010448565958801,5.046096117479437,33.76257585977166,54.685836209542174
266,0.6070108261029504,4.307661659948125,28.275933232530328,47.31138170508062
267,0.5998367613591543,5.048942038203655,16.256768373920107,19.67796004790101
268,0.7122843333907808,5.117665151638847,21.290370241276218,32.62663257177604
269,0.7240003804842,5.038528370054588,34.43326221103337,55.38382858823464
270,0.7133500593107416,5.165415355085765,25.90689977082769,49.97902549543299
271,0.7161957066769785,5.036081280162537,21.164479481435365,35.09405461811672
272,0.627393593732764,4.426206967526361,20.74190873811997,43.938034554822
273,0.7220270090767027,5.0511829772673735,31.227233548329014,54.410376026473585
274,0.7128956565288314,5.097683192134689,29.480154214431792,59.07045966099056
275,0.6310794708315184,4.307525154579113,37.31967575901534,69.23249009714003
276,0.7201131847682742,5.079537300645877,14.302893903580182,22.716040730772743
277,0.708337708222458,5.0241964601692555,27.26366767672045,43.01821587140386
278,0.6915352519650287,4.907969592728969,17.9016194631069,31.75079863966976
279,0.685183964650403,4.981526210285624,25.4585354938111,37.606337116488135
280,0.6202601798112971,4.2829996914038295,24.975104990060903,38.11413872797754
281,0.629677437127858,4.646832526180502,22.08734646328908,42.86788616506717
282,0.71314621622994,5.027319590921502,31.89061907122958,65.77457640850844
283,0.7264254439900888,5.00804876832871,18.85942018613499,27.5114450456466
284,0.7083040637601636,5.060442064432659,18.79362384543962,28.51482100649315
285,0.719529608352858,5.187361168283265,34.518030759282055,58.094502652654526
286,0.6699702048989271,4.930120371299911,31.38631355406408,59.27808080711607
287,0.7119814413461525,5.0236774635398245,19.197541869025564,31.580660555493445
288,0.7205145760789795,5.082634076043162,14.559517004416417,18.596919327780633
289,0.5614287231754571,3.9728042109852404,28.094254794556754,47.54631340553533
290,0.549318435818341,4.052434531496873,21.080943860363725,32.04233088757411
291,0.7131078119591395,5.069015038859217,26.637281173980817,38.302605110376284
292,0.7092952489226244,5.030593036550871,28.777723721353595,55.4403044062877
293,0.7128345530993859,5.033062007071604,25.37631560321039,42.82599323510672
294,0.7180254371674794,5.091783354196147,19.270420281357982,30.526020152886822
295,0.7352170887335373,5.199193750668053,30.548487949342288,49.13124706151772
296,0.7266022957891194,5.0641729483672115,17.542479515231832,29.962178992082688
297,0.7399777677537714,4.979200754533095,25.112816336162762,35.75179423292561
298,0.7193670932308381,5.0230871216336,14.96395633418122,19.04911821702578
299,0.7218992805725605,5.048192366739717,23.26466889239687,33.58935850008771
300,0.6000492757331357,5.045578712441099,23.07176434349302,33.73832575001683
301,0.6972672734777957,5.040224692847165,28.578186804832676,52.90588722585387
302,0.7562112917228032,5.088528873627784,20.002766121876583,27.686244760655057
303,0.6027024437983646,4.2897619365799065,23.105227921716754,32.58269391637116
304,0.5480725841480678,4.1171383480326496,22.722799041069234,44.29975832799428
305,0.685797105187377,5.056376442136393,25.64763327737781,36.72697135691105
306,0.7120850158564886,5.114627260778735,31.646598908944917,50.91369487361884
307,0.49633462846830073,4.133123967664283,32.87018631967867,53.123492480063064
308,0.7211197470224672,5.291144053574788,31.11926359147267,51.304049896290636
309,0.7090304500254632,5.035138621423768,21.562327349393506,34.37707635484839
310,0.719680634751954,5.152545235321404,22.822314601188157,35.33613106016294
311,0.7483582200124692,5.11785884901241,29.396748390120468,53.92684848634081
312,0.7401682928610828,5.377629034913921,17.195672555302753,23.28685896201732
313,0.6589200524924796,4.847005800119126,51.09464806653275,94.15509661965915
314,0.7538027622302335,5.096993661687023,20.43091814545802,38.39317699281577
315,0.7227418682917142,5.155328592472822,19.817803552467,41.61951607375399
316,0.6671702258354753,4.981820388269376,19.647686901398874,33.59285337881164
317,0.4800069855746093,3.166090526831831,20.408410159618494,29.510855453991976
318,0.7160591521864725,5.0473340752132865,22.70150844611642,34.99449424072677
319,0.6728397898888169,4.92044917682542,24.08373888684173,36.03745250125586
320,0.7593067078043994,5.476205591227568,23.331216625469146,35.94457094882162
321,0.7113471258270848,5.231573685889022,27.26617132381614,42.285564267202396
322,0.7181804208771092,5.033191854461591,23.597675900442912,36.69152360497384
323,0.6766059059394196,5.079976176819114,35.863767828008164,62.29747247897965
324,0.7119629086001061,5.041401664392127,22.46376744424016,42.19777035946127
325,0.7331115768918736,5.092599173309281,23.37347350914617,30.527587045187637
326,0.5872580674081418,4.245966846608626,26.62535148544848,47.461339251484134
327,0.6866496163286189,4.888779851876925,27.467246006367763,38.24768602233663
328,0.7296137613599546,5.022229566764898,22.017118508337546,35.290741017228186
329,0.7328186826539405,5.326548706183387,43.30313579564916,110.24396765948441
330,0.5098248677497599,4.302872775305264,20.47455389396147,33.73771440210886
331,0.6485846974848792,4.515036249542892,35.21904861536392,66.29661765243455
332,0.4046370833701299,2.9111449279397266,21.656466842724026,44.39863896175332
333,0.6018718306360108,4.481798271923509,26.400577620645315,40.875567301245766
334,0.7221542629672251,5.05694394670044,22.480939650243474,33.10230506648503
335,0.7427315009304013,5.026413141128878,28.100103272879352,47.61354553356558
336,0.5902047130937076,4.406404903265828,33.01075487217328,58.5217996007753
337,0.5503329161642908,4.047920293992829,29.41227634805377,48.1823409489449
338,0.7332464486072444,4.976178862454506,26.34821861838861,43.03512974802801
339,0.7320939405036287,5.093670536777096,20.404616940794696,30.44801937499117
340,0.4928514837988429,3.3054655886463182,29.965900847229083,42.779827207994906
341,0.688256498991132,4.998288139172561,24.517585910582632,38.8899540541219
342,0.7127131750844224,5.043155196611701,22.621019687943832,34.3881988244521
343,0.7169423782661761,4.95378274531315,41.88149806048249,73.53354411927714
344,0.6545161184711874,4.854342279334599,23.884740105731748,41.0186012275101
345,0.7184305144227809,5.0285885682213625,24.797550590162853,50.95664510496929
346,0.6714159738483271,4.485890389864563,31.188332740357346,49.03750765605283
347,0.728674891224703,4.890629566808378,30.517262142371667,46.698506568162934
348,0.7182325595262707,5.017916776991029,25.912177635896462,45.22261492763721
349,0.7209739177465145,5.034342685987405,17.022033211461352,27.98843803539393
350,0.6682474583207177,4.967831820140531,28.807261193040038,43.87591922610766
351,0.7275747769601544,4.975345503079303,27.711323933502488,53.47335282713581
352,0.7201844104724426,4.989095434335199,23.804569944919905,37.15557939924743
353,0.7271201496827085,5.1399867676604964,30.11036725290589,44.060810347872945
354,0.7011572020754775,5.029120487588619,28.22652855883662,43.94373890308244
355,0.5833674767319693,4.327013208145693,34.1269090348414,56.53471394822798
356,0.7269459723395035,5.003381861393535,47.423024353329204,90.06650577983234
357,0.45272996801383486,2.9876985052121516,16.29551465124714,24.75265192789379
358,0.7232224061308188,5.198581395413172,17.536653346372418,28.36852354130949
359,0.7256608580583462,5.031505860655342,28.240430054841784,50.51946332740913
360,0.5882960543123077,4.430486433201087,26.620079334817266,46.984936645111794
361,0.7246719173041962,5.058297090349399,23.27830787641337,39.37562628534626
362,0.7195401039579101,5.083189994132217,28.622752211892504,43.20886549588781
363,0.7248302282163858,4.998948339921074,27.19190536921816,44.86333877631996
364,0.46048494841173937,3.4631804201330687,24.116715062587183,41.351091326886426
365,0.5942813879048997,4.935039410203916,22.73899117700925,41.156320506016854
366,0.7385648821872837,5.024255590483791,21.20412687466686,36.110695356188536
367,0.6953322026391999,4.995078931688088,32.66416098289541,56.1968626207749
368,0.736089341981374,5.448405577315894,19.565604043712543,34.63694641904067
369,0.7215882145773698,5.124848245536672,24.439676974031105,43.579622556664916
370,0.6998479787592176,5.133503698437919,27.79186925054536,49.45463564172825
371,0.6087083747737758,4.305284694206382,20.174177636138428,25.965536839066406
372,0.6835832286256122,4.99657085985026,33.21876578423201,53.55626569007445
373,0.7162282140193029,5.071776058791548,23.90978676493773,45.51029509096767
374,0.7133900238795573,5.059341208661122,22.439180309365554,35.47555986454471
375,0.5587316226902246,4.039257237632498,11.419291270301132,17.126208628883866
376,0.7026513885898555,5.327552227023571,27.952592470446962,52.551152604251676
377,0.544211751996324,4.1284034267065355,24.325903963233092,42.962552181806885
378,0.7314575615418363,5.018229384580131,18.25045996891819,22.897577560653943
379,0.47885708435836855,3.389147895692302,24.129732010141606,36.434665884983055
380,0.7127650452118299,5.019760164839567,19.281296886806327,32.214843781873
381,0.5564329122590491,4.713791455993858,17.574747489299163,23.51671606562818
382,0.6212852434219996,4.614940226077747,28.151475476002375,49.58550889480695
383,0.6686473551926582,4.506190944212709,32.518252931590254,49.529978661320754
384,0.670126625030991,4.950133986630509,26.586909234047116,57.41897158124801
385,0.5675649607987607,4.907962632313519,23.24897984881028,31.690587675972772
386,0.6059432757924356,4.962991401351592,25.485668758813695,51.051977552872856
387,0.7083804237446847,5.027798202936138,20.95704912653931,31.100075149907326
388,0.6974972663669112,4.954025029901843,35.75527392454605,68.73532158551002
389,0.6161316121109862,4.401108795269778,25.02782646881747,47.55991470050549
390,0.7340101882966238,5.1037837159275625,22.518941667144183,31.29644178354037
391,0.7393358509174284,5.0580499471552205,25.98262183290639,43.935424091505475
392,0.6950218465922657,4.940416640194587,22.638037005978155,36.6877382605811
393,0.6769421922829746,4.89387393374008,30.517385070974225,48.5782962002518
394,0.7441387502191719,5.316865966061863,45.657544131501126,113.96864802930111
395,0.4764215227032959,3.1206121003882408,27.966150266404302,42.54353766628262
396,0.5308271640273026,4.352107209287386,28.404857494926667,43.89565780089611
397,0.7029022235473822,5.031564792325033,43.23869218646439,82.43792864636028
398,0.7079662344191954,5.043649282810123,21.297266930471345,32.653238700728494
399,0.7106786400199763,4.980426655669429,24.84881911359517,45.484211828137894
400,0.6035584028138632,4.36741729283273,19.500318254205176,32.37297684118209
401,0.706209169641187,5.0777225157007235,21.7064005244457,36.28835803205055
402,0.7164498013497397,4.966791049047696,25.8722069485401,39.85979252721246
403,0.6676784636177568,4.534256658621265,37.35853855837461,57.947774654098914
404,0.7346818538661294,5.144252049088138,31.08947356689494,47.08340611563395
405,0.43958793217485204,3.4813226266262642,26.676602513242898,42.310303126874786
406,0.5524861565901683,4.396561581382466,18.887045811441947,24.85344547100128
407,0.7183360385630522,5.00363730612392,26.517097165789142,44.88285360406478
408,0.7300297887447196,5.13089346135842,26.412964687600216,42.153605489996345
409,0.7061679231670155,5.213307582924639,36.99677828180619,57.51834558044284
410,0.5977478570628444,4.426571917904268,25.00112649457642,35.76787458149765
411,0.7172556453348325,4.987778370207064,18.999571688824513,34.115137622343944
412,0.567939073259497,4.081246594974515,31.11102090908149,50.36166646438202
413,0.7187563001481247,5.036638926412572,13.584573174293762,20.82673170816096
414,0.6159897286606518,4.44280875789298,27.696855975652436,43.84775547715939
415,0.7473502777913692,5.170149078599518,30.72343139009873,57.561872178896024
416,0.7212235082063272,4.992870420310979,23.842235770870733,35.48792598465295
417,0.7272722478415892,5.163137259332796,21.72732309709446,34.83644105215568
418,0.7036854067297025,5.062799157668109,40.698562183525546,66.91699866578018
419,0.6954617057764657,5.024007838246936,26.15811581812951,37.242434162390644
420,0.580797722370952,4.674230195252297,22.919013624178447,33.33014174824162
421,0.6798656304184766,4.952354651828198,22.018731837375455,40.13109023412906
422,0.7210212835740132,5.02907214175483,27.73667137308977,46.59085730116087
423,0.7167604333764637,5.044366788831145,30.550401751346357,51.32106104691332
424,0.315718294628273,1.7957864503366723,39.725953638506155,79.20303987796045
425,0.7196926867707499,5.025588453977941,20.189208214417956,33.5332086554356
426,0.728059729196686,5.012483845080577,21.036857592443226,31.69528737524879
427,0.7350287051675494,5.105393936455176,23.843237755137483,34.3228591384267
428,0.7276051251086201,5.0572391503536664,22.124739219512392,32.96782555694222
429,0.699760812913975,5.075222976338178,25.656374026875543,37.03613668616327
430,0.7386454113914392,5.082068831285122,23.138200856864866,42.708070854977194
431,0.5794061061532197,4.252842238067726,27.479421079250336,48.892989818980574
432,0.7189767738026779,5.103085266559019,25.017483300596055,41.69044877428457
433,0.6686829040335909,4.984155514140553,24.453903658127444,36.628545997694566
434,0.590729739450796,4.333271826304093,18.65301300614988,24.28927955799499
435,0.7341167486156084,5.3043794681060445,25.89172490547135,41.074724977267444
436,0.6248130891255865,4.440678618783751,29.5147630332207,44.96856291174021
437,0.7370603702673071,5.406956303035753,21.350500055173676,32.18319372123989
438,0.7137744972105905,5.0106442022612345,23.104533441079806,42.83500520267978
439,0.48854320275235025,3.507595536253213,31.98753372177138,50.1378960038147
440,0.6980111558703169,5.014228833940082,42.72607566006163,89.00581072788242
441,0.6160222133123158,4.6500188878865805,25.338882536206352,46.7350808345935
442,0.7245369832664539,5.314023031514152,13.991187995063465,20.18579474446426
443,0.6162088030749925,4.348569394971794,29.037343623641032,58.55383115977695
444,0.5952747200599617,5.065637750760765,23.975166918245804,38.4926699982633
445,0.6995277512109122,5.016675010155159,25.479445559155423,45.28512113642574
446,0.7285722831015596,5.0129038881295,37.30056515302839,64.12383725137911
447,0.6868223345498767,4.993214824425371,41.01828777128164,62.817216408234245
448,0.7517184717408958,5.367418565326639,17.037614398506403,24.50338389093547
449,0.4689203052178627,3.2457979943739983,26.454374179358773,44.31646766619996
450,0.7121170720683807,5.015069413559577,24.840387388531667,48.95404735485766
451,0.7252109584424453,5.266549289708678,26.09756092027377,42.35504161292686
452,0.7188440296017063,5.05462925070728,20.235962905697175,31.3884782363581
453,0.655851026865267,4.921152045919778,20.19763567106506,29.825987370755207
454,0.5581314734804367,3.9440465075476108,27.06386525813516,40.45322117085314
455,0.6888823276134838,4.950728644151679,20.8819964928341,29.09772352566661
456,0.5681240814058796,4.661830446170312,20.242423219237267,30.017333495662967
457,0.6967762589635158,4.9602550499797635,37.73628003046665,68.52824617306719
458,0.6162314930396707,4.417956638534936,28.036985374618954,40.71429885370538
459,0.7081265206212465,5.028342178364961,40.839732776136984,71.31843890987007
460,0.557728019502353,3.999597914507509,17.631131085834664,26.27795209483943
461,0.4981756479729453,3.3457050049610406,34.26326958123949,57.43604498942505
462,0.732534605682184,4.985349797349912,21.520249765260722,27.288616824399202
463,0.5842091987368718,4.67586688398796,22.849921920810303,32.703297805875735
464,0.6721522192585037,5.231477001678613,25.4220155240605,47.53916526566725
465,0.5723355640238134,4.682984490044068,24.423613955181878,44.74279423114769
466,0.398962185139034,2.988386839933009,28.273387324531907,49.55422766557118
467,0.6841884477486926,4.957366648961652,21.41329122447066,44.08229716491615
468,0.6933882174804573,5.091819734833318,25.625532610112927,42.94217181580857
469,0.5832574595343518,4.260975388557355,29.597180941972432,52.831270090461864
470,0.7404436569839519,5.130953334778334,19.20130153907331,29.133515080854195
471,0.5924211049074072,4.809016970562282,16.967333287793142,26.910638508198602
472,0.662569084741282,4.968606070992618,27.378277915246066,45.288461716519315
473,0.6637032277863969,4.967807044738338,33.54907070439248,55.468467494630346
474,0.7605946224569955,5.183809025781299,25.762663944361456,38.06033394300846
475,0.6026420751576148,4.66720303066193,31.176007396569577,46.097642239154396
476,0.7072349200288103,4.936322644306918,24.7780677929684,46.49686126296538
477,0.7084082094190387,5.013273729847444,23.17086381585438,41.748312303499304
478,0.5392459479537459,4.41580145860512,36.64929175317181,64.53428854649619
479,0.7073154094611561,5.1226576216539685,18.931462472360195,25.647666147566454
480,0.5989003464199458,4.327879218896765,38.955809356157275,59.2668577017451
481,0.7203885145057538,5.153788776680806,25.862605726592623,34.468692589707665
482,0.49199320262572765,3.721046041390726,19.40087447500976,30.339389523394885
483,0.5449121923379261,4.070287782917294,32.909744300086565,51.377679227127885
484,0.483085223701738,3.3398333923545858,15.476298112666631,21.899694486331242
485,0.7490490738202953,5.079063549341937,23.85915081987578,33.506349637625355
486,0.625722062901991,4.269086318602226,25.756249257231772,40.7084816118026
487,0.5816106706402275,4.672595892525135,30.993651969354456,54.779878039813944
488,0.6844990840637756,5.005165158323608,16.954429774109176,32.06474494734707
489,0.6128010464591478,4.316698418033797,22.57525336221271,31.73718399410856
490,0.6080159766231925,4.409558307040972,34.52457368948935,61.37036339382214
491,0.4936144768924113,3.326516781751559,37.17175413449369,58.798696700080704
492,0.7019797497658313,4.984370588942478,27.108055482959475,43.727912081053915
493,0.723556140381882,5.113924354127992,18.63044644936116,33.977367783813655
494,0.7027624876434275,5.320623682627034,17.751989409439506,25.42284035954696
495,0.5835974487929051,4.3024212722166375,25.86482175049202,40.355095398973376
496,0.5963924817070202,4.420789851068668,30.149133815708364,52.99189197244533
497,0.7229144167467754,4.987246682020916,26.455801625396443,37.84831627757899
498,0.7185507081266985,4.970621955692343,32.7621038997559,50.49290552420794
499,0.5669153152325866,4.692492025787698,19.493980432768556,35.03448632425264
500,0.7285082553292674,5.036591566286624,21.67616640449441,34.417874477958115
501,0.7200252172380242,5.013799088185952,29.723336792224465,48.04126815352326
502,0.6756510738214792,4.999550979469331,20.38710104104758,34.01680393012153
503,0.5729556486733368,4.726676500096075,12.79995847642675,17.227726391235592
504,0.5055053538978044,3.2477767321851165,30.58098965336938,54.051985001828385
505,0.48623885007840084,3.2269772592712584,23.965202769267076,37.28024906316758
506,0.5165971937657566,4.367457030177371,23.40656124405165,34.16268393539732
507,0.719744924515005,5.033148797986961,42.403472781917976,62.53214132704643
508,0.7073525144332614,5.019446341529112,26.266259292784284,40.30932967453083
509,0.6460891419120478,4.863546547255634,25.17898545844765,38.95286775123409
510,0.710547648158486,5.0243508523347264,28.787668342270457,56.76097507916615
511,0.5804260745046095,4.689157392420722,25.270787445060122,43.85124612923187
512,0.5032840751656353,3.7983723923687966,28.002092460710802,42.465060179039604
513,0.7210322434371375,5.118331577177205,20.04721807073606,33.433598599017934
514,0.7127321418320867,5.068503498148076,21.028884100066378,33.76795618706192
515,0.703299951449614,5.1294440270247685,29.339743918755577,51.839909922551165
516,0.7119539092734607,5.02076069898668,28.577928711134845,42.97559597869526
517,0.7240912817999098,5.021845736861685,26.54307916710022,38.82509829577533
518,0.696355468611912,5.087866313000403,20.214908126604175,31.842227279697312
519,0.7444994735455907,5.317587844011598,23.340023279913197,33.26395089160682
520,0.5610495554308784,4.1200728850891934,35.85108909295341,62.185619195988586
521,0.7259455748561193,5.041530743550019,17.465388574342864,23.48686792215415
522,0.5609511632650315,4.355326828049374,19.026017593994577,31.676384676219712
523,0.7086072063718839,5.151493763983428,17.442668375537103,24.01084618988522
524,0.7597534528924386,5.005682705888124,25.594691669605865,42.19377869887934
525,0.7214482288333306,4.965166641080383,30.844661708608697,52.489588678569845
526,0.7494917277057701,5.2018466489580755,19.821479697497292,31.89646756197461
527,0.48002975968355266,3.264044943593381,28.004646339419672,43.75627984596478
528,0.7073161497552654,5.023249008630601,27.485426326229604,41.30591058130654
529,0.5875863473803921,4.784977183850532,17.47281081531837,24.225154403716022
530,0.7342256405625333,5.168470175258648,28.45880338434605,51.520678227560374
531,0.5450346282997122,4.184006712310416,22.56370993130361,38.512349270397316
532,0.7241108769004237,5.124368454418265,36.51044447122878,61.73189127392465
533,0.7238283979348071,5.038452894591183,19.096058146854176,30.95582059662564
534,0.6409318119601164,4.515640632610558,24.402469208533212,40.1853683301776
535,0.7155619766546941,4.943199723772487,24.84958227236858,43.901557718335
536,0.6062865266971088,4.300839415656417,47.86531622409083,110.03760544742487
537,0.4669807003680352,3.4121494006510322,26.979886671679424,47.42220055452048
538,0.7235076659360054,5.0090442322647935,17.13051563729601,25.896826833826537
539,0.7208393252196263,5.0110671252790295,29.333975930650567,48.344763169728225
540,0.49062845091583496,2.998808581156819,25.15466725767256,36.67164856603618
541,0.5791433640820912,4.292389802956353,24.191717636385068,32.96698337845083
542,0.6001672133227065,4.290753880954085,22.509534501179942,35.45207551990113
543,0.7031248466489292,4.957305300214815,23.76754412741294,34.441887261381396
544,0.6686129623268973,4.9545082468312085,20.792775279420024,35.38791282245493
545,0.5672720446046701,4.7178739675010295,24.37616214759664,34.82688616584659
546,0.7128349003031555,5.023105310076833,21.601839075329174,28.127381038691937
547,0.7058412069669545,5.009337980470665,21.31809285086113,37.037200387753614
548,0.46795049332287686,3.1894276899001692,30.935830739587313,50.22260475992343
549,0.6299959037719419,4.62562657623481,24.423938531603284,34.2420658701456
550,0.6178650251648566,4.352213561079886,31.476842979982962,46.082137199806084
551,0.7047505046936725,5.007401971899287,38.17095694334957,65.49553216302994
552,0.5989514198434281,4.950800095064821,19.50655187858926,27.565854668275346
553,0.6977777583913621,4.991119320132726,25.95600349382887,39.745675984955824
554,0.6926939289669429,5.008689257126574,28.964364200629948,48.934758098687475
555,0.7039845047071009,5.049767523934778,17.623758583943832,27.479951341730057
556,0.7413374334916357,5.006522233535053,20.498984040159346,42.07942056144622
557,0.7304800039043868,5.371426721952708,24.152951221282933,42.49953191250784
558,0.7056415481982153,5.024879480134406,26.382940256030917,53.31814613606819
559,0.7092354013407756,5.05842935222594,26.370909847816137,50.35511518573148
560,0.49841187348281724,3.3959392179914367,26.135339784274652,44.0038394252239
561,0.44452182511714095,2.312199247935707,21.101796563367863,35.36578378611224
562,0.4744409377675766,3.6094950031167787,29.08999269688062,49.47163600268415
563,0.7101023036118475,5.100225353598692,24.939250329965454,37.17076971586739
564,0.7245615632993672,5.0599052474185395,27.484498058559222,41.51864184874389
565,0.6552423083697512,4.926764676842904,21.16444151336072,42.01875304226318
566,0.5456840216274551,4.127590957986205,26.384320255982868,45.66132004921425
567,0.7013221861160842,5.086267278962684,22.991901783310475,41.615722595136575
568,0.49810684532891536,3.2007438644110446,22.730354518115856,34.154119226621326
569,0.48433330783944717,3.1482225621029287,22.10095518198493,30.978674865362034
570,0.7168770787518642,5.115371176053171,26.97729805189011,40.418575475105506
571,0.5938138747227399,4.814380481026664,25.314009784640778,39.7994177206787
572,0.6869797368551692,4.9511974233038805,15.89405821833641,20.30627979903819
573,0.5816155108991471,4.256738253874997,33.30359548696559,58.15118760359822
574,0.7515699123101488,5.362467714886907,18.11524517240483,30.39240680329118
575,0.7041996169168225,5.029880361922687,22.199637593601032,42.508981016079574
576,0.7148767476419835,4.976647549798997,21.655081135944933,32.5866632483987
577,0.6105014627302209,4.333116144589162,24.648747142888677,34.81494252883115
578,0.7166759805084835,5.029951778161905,14.454142259884145,18.98396318314958
579,0.5144614358167824,4.224972397262196,25.98082073619873,45.077371351626994
580,0.48789435003119813,3.0833027963471062,22.02327821789499,34.895793449658214
581,0.7134426120442561,5.219505491754514,23.643793065225854,36.516074977591174
582,0.7333745878359298,4.947816985037824,29.90201118011558,44.556637316494054
583,0.7085064594903858,5.0190029150980715,22.324508582599275,31.197255392745813
584,0.5978999406441242,4.315494056825329,27.21233255768893,38.859557566642444
585,0.659182548651139,4.964074884539756,55.611941185118674,121.65408164701014
586,0.7055605725495903,5.0319811311912215,29.8009719248199,51.50981630776617
587,0.7270100118084907,5.106777961371978,19.268738148367962,32.38129269432289
588,0.7182882178825697,5.009385262853793,28.563443713834168,52.05615584284729
589,0.75678492390177,5.130166035632689,34.70466239074975,59.21297698803572
590,0.6954709670844702,5.031994090211146,30.426060558087432,56.41332333584597
591,0.7277867154898852,4.986030900557571,27.7815094754012,45.58750371458665
592,0.7270786690304196,5.105055208049347,35.887088058148514,60.828004419085644
593,0.5851390407134477,4.668273585464131,24.316770693793288,34.26977469663245
594,0.712031462516631,5.0382791242113205,25.488661634862698,44.106648039405336
595,0.47710958993186076,3.23883504961875,29.81418766055496,42.65706017345567
596,0.6541631744859137,4.438230314863846,34.038785590230205,57.365717925474016
597,0.7194955597079836,5.020511123613792,16.79731771013803,28.62037493500198
598,0.45110109702962914,3.501245700677253,25.910421626074093,41.34489177897923
599,0.7544651272870173,5.296820971869297,24.119422387899316,40.08159379835874
600,0.7362616186928221,5.043891907023692,33.422377347825105,66.03085469862388
601,0.3056699305138333,2.3035196837523246,29.640716572650668,42.28428861182463
602,0.6929739259638564,4.949705987531119,35.699876068580295,60.01039067759475
603,0.7064217177071317,5.057527648755142,20.562953474112405,34.04137790534026
604,0.504572331679411,3.1720434287522727,18.268574319737226,24.968986333587765
605,0.6998539085689233,4.998474765753869,26.261532782681392,39.84527762901702
606,0.6183826690289261,4.265231000353402,28.75023856906869,44.904110601814565
607,0.6189222727786614,4.371668738322802,24.622137286650236,38.40428622718158
608,0.735200708715539,5.32394649179535,28.056459586878,40.1052803079992
609,0.728985027379784,5.187944362962258,29.057520046552124,48.606350059773256
610,0.7308679824907119,5.07059480436192,26.586090863275544,35.106927119732205
611,0.595919985997238,4.484727812481766,24.03237869699401,38.221367641796135
612,0.6731280353268279,4.964463529032851,21.887284783352737,38.11565026209505
613,0.46789319710639216,3.1850041643067297,18.84291394980139,25.349521627020135
614,0.735052413234147,4.987819401775957,31.464711519583386,50.856338779019566
615,0.5157522016100757,4.203325055157447,27.597999901275323,44.11355210568656
616,0.40137114912169,3.2600628949356705,27.469355348322733,38.45725685125006
617,0.6057987156690332,4.345750722008803,49.80586398958751,80.84920589998205
618,0.6586876239624737,4.951307601386564,27.637475698475583,49.26006746437003
619,0.33485996445668725,2.3089053746378387,25.20734365789407,47.87673429849966
620,0.7137366206789173,5.118722417911583,26.230370485000886,39.436248746667395
621,0.7216047086671352,5.00503338988519,38.201000793665244,63.940011908976714
622,0.7037553282178274,5.035687881041584,13.308138531567298,18.612918013353042
623,0.7047734131006116,5.015189837357356,27.119904006282805,47.65411856641635
624,0.7383220174864765,5.061903192483593,24.559286444146526,39.22942990226319
625,0.7413466061399713,5.185828188525793,34.365127897458905,48.33184233739327
626,0.5949934747257476,4.3072068057191615,36.386431348237906,59.87240233145299
627,0.724274564691118,5.108370070520975,26.53524428561831,39.22475592985273
628,0.7110531170246146,5.01329783966984,28.601392467427598,51.55858803362463
629,0.7361301240035466,4.934296108629423,36.807910026823315,70.27787137794591
630,0.7256327138774429,5.124885708896154,20.120852851603864,35.079124183473084
631,0.5350829923035573,4.0147186893828595,27.7044052563489,46.460412116597276
632,0.6565404343833713,4.943029914755003,24.240149093132686,38.64889783315843
633,0.6821723776718288,4.922531283810216,28.674458298777047,47.13183197003515
634,0.5736027750414429,4.7219498362650425,30.10363796367235,57.05628942467007
635,0.7033620570849306,5.036464288105963,16.04280202942879,22.015960314210055
636,0.7061490103076993,4.960612032541575,35.151575827052795,57.83973281968757
637,0.7140951029919806,5.0368509437024835,21.211549431849974,32.11749900648251
638,0.6808048862829148,5.086294137777348,18.4616970884324,31.061905430350556
639,0.7279785697736619,5.024625975214553,25.86491321278782,43.037383761047614
640,0.7174958899353302,5.039727767004107,24.009001394805942,36.71193027924974
641,0.7217488196769212,5.077494061639343,26.329002109581516,48.52585217981314
642,0.7262240435390781,5.216786166203095,26.077511450918966,39.97896443396067
643,0.7162945618493289,4.980137458881445,23.966604008651995,35.81747484454968
644,0.6952564533898917,5.032153645482649,26.111391650741524,41.799772779070345
645,0.5127930572048325,4.122645137836288,24.197739593792747,34.31052749164357
646,0.58991505222171,4.700025698070283,21.35060361028941,34.73114274484896
647,0.7208488434294033,5.034738224806194,23.283649949944927,40.95867440895253
648,0.6026688587141605,4.274017289264288,34.53151334196063,56.82902693638917
649,0.7101556745046319,4.9976426942527015,31.405113804737777,52.379309746225545
650,0.7039526294681541,5.052293361537768,26.948443720857664,37.242757616873654
651,0.687355603898327,4.969368597395569,24.578423741333076,39.29249731961076
652,0.5798634466790987,4.642126907030229,29.722986453930563,55.69788230700993
653,0.4497648000294282,3.1345221600544337,22.20020650134073,38.09403938845023
654,0.7127206651726388,5.001996165470194,33.78395646293677,60.29714471445617
655,0.6115080037282153,4.3608272610970475,25.722304999818306,42.676885946368984
656,0.6912079806243286,5.072463136100373,26.53383996752154,42.22249312690348
657,0.6584863816255985,4.953764362147398,25.436999965160634,36.22174164575194
658,0.7212057213728901,4.936658754393863,25.773971757907084,38.97820666132141
659,0.5081619009897643,3.585903737517629,22.56884985441713,34.87192155194925
660,0.7175411057522592,5.032021759772125,20.663062064780043,32.366236630455724
661,0.7230368444211851,5.005643973187213,28.42648043517805,48.6114051639946
662,0.6764269447461552,5.069001558263872,27.58613925830176,49.69941783990768
663,0.7457676673979713,5.067755319250593,16.748370713672802,25.70096760928602
664,0.735848516529932,5.344219771645677,23.813489352019303,35.23077083799364
665,0.48081981195408585,3.4737594867297097,30.707569171965403,46.99593810227526
666,0.5968270706095384,4.288874397870535,26.06771733735864,47.22384302887036
667,0.5781444927320991,4.337147765988181,25.05239827189165,50.20387512807703
668,0.7142959054840546,4.971792115277027,27.95491570239773,47.87114316564541
669,0.5893612942107216,4.286311601145217,32.043447791975915,53.720031168538355
670,0.7047287140823986,5.107153723217921,26.434042777241416,40.062232617035804
671,0.6645174612949024,5.033660817540257,25.429462535081356,38.06690897221393
672,0.5387516703448472,4.1330626196870925,31.47261904533825,55.017582737045636
673,0.7071446259659895,5.055455014739521,23.55388453994914,35.755346077679285
674,0.6668099568791812,4.923636021451195,28.811835977614642,47.00309916002633
675,0.7339876939702908,5.337776382422613,19.691698434424364,41.065032779179354
676,0.5681296601687084,4.312423573061738,19.973187637279803,31.642995782183263
677,0.6773979914740287,5.0707516329324065,28.86142287014928,49.62283098683197
678,0.7264680616031504,5.001008896208593,20.44490590282696,34.364900900743585
679,0.7195398065823049,5.011685319659548,22.598052188691717,36.28483175804177
680,0.5993153310418995,5.290342900641843,13.927376802853486,20.232029710420303
681,0.6319439736213368,4.511273769696393,30.337512260390724,55.565811612791606
682,0.667448222678808,4.914125785251042,31.379019058050893,65.15461607693429
683,0.7295005457746598,5.08903223643638,15.261584164125871,22.562869900309728
684,0.684612308588848,4.95373703040571,30.850988284347483,53.49944014607297
685,0.2893336354123972,2.6005477555917613,23.06855993664316,39.223679563015644
686,0.6321507689809285,4.278735469064259,25.813481946342705,34.82468198804473
687,0.6414696980475572,4.936496958454932,20.58819266482808,42.07704445115633
688,0.6873875813217193,5.005609639890476,41.28383233819507,67.22733314853838
689,0.7224307412942528,5.051037438498276,27.206214442381526,40.23926823870925
690,0.7166237969657191,5.038960061705895,30.07583870384531,51.22549517072536
691,0.7116815762234662,5.176644925340623,14.60386267696132,18.502354000583235
692,0.7250999134444329,5.116450864180523,30.394695862353768,55.37703081365916
693,0.6911224499291923,5.027851218705035,38.86972978034236,80.09116472380418
694,0.7037016974467728,5.020180470779368,37.41873849637119,64.97550428121431
695,0.7106682019576365,5.109266181368409,25.043497759862124,45.77328406129158
696,0.7174970285128532,5.134507234632462,29.148319660502036,43.01292493592885
697,0.4984788723144073,3.8523621058627304,22.02146179519833,28.59312823763449
698,0.4623602230342742,3.4746708622928946,30.685855561232536,53.82951132902786
699,0.49215993335301933,3.3073985973926576,25.914786836002158,44.769809972781346
700,0.45146373289968994,3.460755508165996,31.088249138678073,47.25868396707047
701,0.5204603600086108,4.081309920606634,30.64524743443816,54.17197132171919
702,0.7016849506251867,5.004176947626925,25.426996004868716,35.07106970692537
703,0.7322575607245548,5.1891813291359385,21.703896634468634,35.84042183544169
704,0.7182068145778694,4.9767842490818985,21.742794127134577,29.093268125539176
705,0.6139968279798695,5.011081547910879,23.023344162022237,43.11928526846509
706,0.6112308301144839,4.905549118396632,27.013401272700154,50.8384003592825
707,0.4874771305974762,3.4303140386870385,37.80231552602831,62.8665503233137
708,0.5758541179419447,4.720418793460653,21.695400838162985,32.918830679891435
709,0.7269592607946955,5.201484460491825,14.344165584653668,18.72595000737395
710,0.29085837445798135,2.455354556403022,30.138879522327667,46.236879235795236
711,0.7133876269098368,5.021093239133788,28.950120074956644,47.87117225993015
712,0.49180074584308187,3.636609391227308,27.782671524076477,52.23029456570734
713,0.6706909510841425,4.979270969988015,18.716371048553803,34.7018912639966
714,0.5694199555081232,4.3301319634906985,25.311029012607303,40.10132657609047
715,0.623375566027734,4.373764307506114,32.264129581766774,55.24384409017481
716,0.5888327732691495,4.68859448740915,20.98822153607002,30.102128138553685
717,0.610370976505321,4.3601733450739975,25.532514760891676,40.68994330549395
718,0.711156336102919,4.937347481486848,27.47643594376814,43.56646326899691
719,0.718106650784876,5.0411927302076025,20.935917978331965,34.569245917404466
720,0.7104793289294158,5.033076378908067,20.00892440129319,31.02204523589488
721,0.733453587859284,5.01502764645129,24.45779045431459,40.76268391352508
722,0.7107204680041169,5.033452945544763,30.18820678786271,53.588930897805284
723,0.7145018185094129,5.069454575072425,27.655623837475968,41.86191395464976
724,0.7224421886726525,5.024485179780255,24.888667131051246,38.93531169805056
725,0.733227733420294,5.038961866664101,18.994126106664133,29.19148075921282
726,0.6997433341595282,5.27106452814696,19.2080531263812,31.01251249106561
727,0.7217699848405426,5.049729886425439,15.929730098979674,19.393879490582627
728,0.4914780182786944,3.2729978529965305,23.78221653347695,35.990313449735744
729,0.5639675279128968,3.99242897800093,23.846154958641463,36.588066347740984
730,0.688613932309623,5.1392848745074815,12.713688088855651,22.686407180104887
731,0.6647715873569385,4.929985285772894,21.846829907473882,31.579610758238545
732,0.6973641571506904,4.964727502650433,30.727838433608245,51.18012123928914
733,0.7222274449047965,5.045199601787641,33.387072200332035,56.51731015310647
734,0.5407288231841254,3.9646684381958432,26.05943767773787,41.46710941760013
735,0.7223721054368346,5.12108300519967,24.23665620284059,38.69436017267919
736,0.5722200217587681,4.69249212612928,29.050931947577563,48.10112231539361
737,0.6148650520238638,4.326589781486169,24.79245036291221,41.73314137232938
738,0.7183779506252953,5.012591714955782,22.083065451488178,32.08397838120091
739,0.7116559072363604,5.126144556656265,21.960011081635166,38.51420012387699
740,0.5092467150894758,3.1445460614830543,29.756825419057172,41.290572904526144
741,0.7339471188450989,5.095697091615791,35.67067282007615,57.82357492173874
742,0.721308315095406,5.060427312763579,28.95014160458569,50.03807183156398
743,0.5604024135535352,4.054091849378809,32.33654795786499,63.11720902053487
744,0.7232392668741144,5.03906438626806,28.595341124166023,44.63910922073328
745,0.42069266341228206,3.4303855884675345,28.728212440095902,49.35978332123768
746,0.7174230956329554,4.9810442844518255,25.67320771192526,43.608211723836575
747,0.7132365106573657,5.030080368112795,13.084908194343795,20.64057498813576
748,0.597614040513824,4.860632390610908,23.527636537563385,43.83686074096829
749,0.7278441994558148,4.9674054573851345,29.8798617557573,57.03748594020904
750,0.6813307098450078,4.925292864436702,17.17834581259194,23.918406228215016
751,0.7187991624864492,5.018093596808342,31.981674133161178,58.12072002733212
752,0.46232742874204674,3.1529886313528146,22.570582635594107,36.7796918586748
753,0.5697653345996911,4.748777900143705,16.499473552859815,25.946737703668262
754,0.7371364098235348,5.127471509440293,19.06369501229922,27.490002156143984
755,0.7066364910267516,5.037236638422794,35.33376454580216,57.59837932194498
756,0.6958102329886046,5.02159039587493,23.549617744017596,39.93061958642328
757,0.46744858150129126,3.0978392958337015,31.621847720602407,50.555681534357134
758,0.7257335962202957,4.97035767232094,33.31015533426227,48.107219931336445
759,0.595641452535444,4.80941574042738,29.52884229230027,46.13761761899119
760,0.7048748196726808,4.943150005402747,41.30501818900235,67.313036846943
761,0.7431017698345992,5.196543341072333,21.474839330210415,39.57033865336623
762,0.6879685129161888,4.984081137198013,16.78885501979677,25.133347656910736
763,0.5807211613720115,4.806263647803313,23.836300928670404,33.87185870585772
764,0.6903067364769153,4.892181884664321,29.793613051561763,51.23659365249305
765,0.4176266602871844,2.929105802837265,26.431246099748126,38.67413434310726
766,0.47113365412244845,3.4777994122960547,24.671891183400973,34.396389414227166
767,0.7102681527727248,5.169624716625701,20.750527614389792,36.99370583970274
768,0.7234537334525716,5.048670786965101,21.420164144174542,33.385076490847936
769,0.6961409736730165,5.064094360859951,34.19231382096914,63.88340230024297
770,0.4895885661307478,3.1500318819550146,26.942626186186395,43.28648556889888
771,0.7400139189223345,5.323186481839156,17.22951398958039,28.204613019472585
772,0.4524662746138906,3.222185057116245,26.341526876639875,39.74527178425336
773,0.6681768573159294,4.963207259487195,21.096629877954005,33.09582268664324
774,0.5289649064496937,4.099844653758322,28.24976961247634,43.52997227441176
775,0.6590414446687363,4.5352244442153,18.53250982969512,30.612661591457396
776,0.674244259335668,5.002963364155941,29.420709150064592,44.210213630536906
777,0.7384150342866982,5.169722575939693,17.506080154047474,31.193421573982047
778,0.7315976437017124,5.025974944662398,31.045970679213546,49.697439808699336
779,0.6137078345270767,4.451879553675387,27.694621439562592,42.314765854266994
780,0.5368447450571695,4.046811831055962,22.83353292584623,40.943073431065606
781,0.7144330256337561,4.982771352014387,29.220054786927406,43.95115679825618
782,0.7324678668938678,5.026077282192135,31.816291945971734,54.41287182470251
783,0.663481185105182,4.909756559618119,35.71401688349813,59.986599090782086
784,0.4956784239342715,3.431451638064509,29.24069408881843,41.26611617167808
785,0.5827012889736881,4.260221983379697,27.952635650751336,47.734576355219346
786,0.6719999172006865,4.982205758694596,23.333708185511306,43.41395275948942
787,0.7055852059573352,5.049716303363896,24.638886425071213,39.81368198580505
788,0.7227699694040035,5.1081994269964826,15.278293389807153,25.02722075769017
789,0.5789233026140866,4.3150038803398365,18.62532888659512,30.72486954882375
790,0.6869398921248149,5.003169561744233,17.80483083977864,27.356181451939445
791,0.48169993812833634,3.420986544176605,25.52690267730698,38.36361212208167
792,0.3021336246963075,2.34978353446408,40.12911298028012,66.91130904515096
793,0.7317326559485138,5.082292476854197,31.619830674280465,52.78935119707728
794,0.6912481969079537,5.017463864368737,28.51776550276805,52.191556175449804
795,0.5749278914705648,4.868436961028285,18.449664114537185,31.617041861907726
796,0.6452283970960881,4.546857426733177,35.61641751848712,55.66229823579049
797,0.7313307804765526,5.224520384663639,38.94669187793524,66.5164280817608
798,0.716248490602142,4.993601254236445,20.690146511503865,35.220805614670006
799,0.7030415917909855,5.238678646800396,30.784476483894306,53.8375116794003
800,0.7147450962983919,5.06012200796977,18.539403784168723,33.88230596214622
801,0.7166252569665827,5.0405960942549575,30.923261940916174,50.69032280684164
802,0.7149173592262534,5.067395323553609,20.530268917209796,32.255052695298225
803,0.45851766532994637,2.970597148965575,35.85913409787027,60.81464984222267
804,0.7162294180414194,5.169943048562188,28.594553014771222,52.95169809919682
805,0.6408997349958875,4.438224788140075,21.69788370212027,37.463276095654756
806,0.7137620257945346,5.0190771025892245,22.92834756621409,35.27878476071695
807,0.6418340486172346,4.517015054384036,30.4903166211152,55.83485362807057
808,0.5133551098497853,3.7481488718521625,23.08893617452615,33.91527403122305
809,0.7310171724517283,5.039298340815605,22.62091015144295,43.74112163684916
810,0.5726385930507274,4.662885016133042,29.77631169136086,45.78160455155428
811,0.7224781091458313,4.968015939846908,25.477076933278703,37.74367846984411
812,0.6912047814392125,4.936112685958219,20.824628067984712,35.643965803611685
813,0.6627170483557505,5.055439561251676,22.680687619685152,42.72887988501573
814,0.6949633944714667,5.046195648225477,28.95718608901133,51.32910109019722
815,0.6016740565954801,4.734216481262627,28.897457707668114,43.49821728885012
816,0.6570958504827678,5.070623920259157,31.594697915203056,50.93334157374991
817,0.6025037521542486,4.1715092438222285,35.82481188760392,51.09573662115716
818,0.5710491969518209,4.703485222424442,25.27363554270681,40.11088837025135
819,0.5987270776655613,4.314055016284943,23.889810643865836,43.33370347868504
820,0.44774963717138766,3.4788667901311965,23.159981226041875,41.42717951669471
821,0.5455340860605178,4.153282375131769,19.37561043066976,26.022909047215553
822,0.48207232625138485,3.0689338623493874,22.963058634861078,33.75080254898088
823,0.4892928850081559,3.3265029292426083,28.130776772741147,46.31532133561039
824,0.7229348679180573,4.994835339197051,24.7836401325475,36.99088313065857
825,0.7281378758894456,5.098013993047305,35.750737433283675,56.44627778235969
826,0.7316269520788666,5.077481509307109,22.971370514935575,45.4049070900193
827,0.7136363217501528,5.0454586273502136,23.877537304403774,39.378824681990146
828,0.7265211228464481,5.031731605359661,17.09266611569175,22.380705952427245
829,0.7033375678040303,4.937527828601035,15.307123407498802,19.8487031401055
830,0.6067533486230084,4.49995440551468,20.933315509676813,31.599620975055444
831,0.7096233921557907,4.950389742626698,25.898494904453873,47.6395310094701
832,0.7011342057228694,5.028813325779546,31.510718529544057,55.78170615785527
833,0.7237607391139763,5.042883845637569,30.250898536718317,52.2119051816363
834,0.5091832863844997,4.095703843136012,32.70917939320087,51.90401012629882
835,0.7220963831744494,5.002420871459792,22.200171592572303,30.014539929105684
836,0.6500682966551106,4.507617398066865,27.939259412090824,43.96536269734459
837,0.7292555958710971,5.150824795734859,53.89468830695407,86.92080377358033
838,0.6973614451146286,5.134994227946554,22.411095726365485,35.52054423879046
839,0.7284137530898112,5.010177958776172,26.412056697101114,49.60868587947945
840,0.7233657818533009,5.1383290820639465,34.9991302594948,61.949682844495904
841,0.741359624060274,5.145335537664679,17.193954145168274,22.09627074365241
842,0.4357904487952721,3.486309414675414,35.87523520093048,58.02529568205615
843,0.6630635716439623,4.958103818980859,23.562791626810927,53.260428834052185
844,0.6878995221216407,4.991568961299401,17.775482132852357,22.698138711886234
845,0.4927549398865863,3.2475495156920053,27.99790233074073,50.727484967852995
846,0.6848530033705711,5.253258718471502,37.93141220788781,67.03256085201282
847,0.6101216780046829,4.670567605254451,26.74722985416865,47.79473669102548
848,0.6671749422223049,4.9109210603486515,26.88017123020862,37.501466721499405
849,0.5732649871144613,4.664847682281456,24.72057564283619,35.316173712070736
850,0.5991129878019917,4.270520435168908,22.757121521211022,39.06189633394735
851,0.7137296462567019,4.941309116741411,30.11854519842589,57.87268120943331
852,0.4861864367725017,3.4175074425006704,31.19071836102911,52.4693640242788
853,0.712912525889717,5.0421801916929585,23.760915835623877,34.503936743829534
854,0.6083669414052698,4.427111421021919,23.86180849787334,36.321109984326824
855,0.7286232556064391,4.929400800381284,35.87456269895377,55.352732775149335
856,0.5975140505914344,4.231378364992819,25.04253936542801,38.132136558711416
857,0.7212960452607592,5.162600534397995,28.618953461650815,42.16627997050492
858,0.7217776163044864,4.98098978347551,31.04027169189001,49.06684488133583
859,0.6874559976920623,5.087502981239884,27.37169438857477,49.789570771202655
860,0.5880723002487802,4.721526316654265,28.872186705421633,43.403899081114716
861,0.4934921486277267,4.223418288503672,32.96053043151962,53.615455212284445
862,0.7270039741929253,5.1164191244828645,18.577427163570004,30.916261447636067
863,0.733650356580161,5.029472386899244,23.539198344417567,37.311314372076865
864,0.6775786908869749,5.018730496935914,26.019832514598196,45.12733938993952
865,0.7547866602791415,5.401730053477491,21.558149543444195,35.660205071796526
866,0.7388717562805471,5.072098684194532,26.79874840398089,40.81090501262187
867,0.7092528856027951,5.051175255916715,18.16860221562856,32.71948311608097
868,0.7396215475256183,5.023380178694284,26.477939531042193,44.13712745860972
869,0.7233404345305225,5.198155325609238,15.947926972697733,27.311831237884586
870,0.6810944762510529,4.947163763956918,24.78051927542585,36.87426103476407
871,0.7188892114082654,5.138917336591306,19.4085649422564,30.185253955730502
872,0.5447643525371241,3.946774310413393,24.466740628398323,37.82821283715656
873,0.7316150882186632,5.117163651398563,22.59131147638481,32.408290004969516
874,0.7065468229138615,4.997763849749255,21.72248364585351,30.54563409006903
875,0.73694301702211,5.006101774521973,22.325972376343817,33.209751367235
876,0.7280014527324846,5.018417641813283,21.610226530811424,36.48182232750233
877,0.7210837608808585,5.020422568754897,19.428814912279606,25.639570780005247
878,0.7074190066299959,5.065249638502013,22.87140718368385,32.20131165994368
879,0.6063725977165328,4.248839522506872,17.09841839721284,23.23709787898108
880,0.5313008389853976,3.924721412199295,25.9387513964094,37.288263770893174
881,0.6194035704628059,5.261393535596068,22.127628859099598,29.3441987919885
882,0.538409842553909,4.358022077645732,27.240363874779284,48.38460278685965
883,0.49061581339047877,3.9903635488718017,31.988591784707292,50.46104757925322
884,0.6143810565954876,4.237755582193389,32.50656822730003,51.76108992320093
885,0.7444190418384286,5.4020195381016896,26.55659509030429,46.15906792981851
886,0.5378272147880893,4.171530437791973,30.19989942761766,47.927254537557815
887,0.7115574634528111,5.099818056373958,22.410175132847407,36.74931790421831
888,0.5979533256542144,4.894646161312949,22.42370231612396,34.90260206560875
889,0.7301688691926185,5.002488713322991,20.41237360474292,31.200787983874356
890,0.721564594689891,4.99909510378086,26.23161896710245,36.54102844488783
891,0.5775799141164304,4.052540823257449,25.589956211244086,37.92974947928627
892,0.4840488264611719,3.2481717064555555,21.403391042186968,32.19739596592602
893,0.4837726835967569,3.186599226502797,18.505314241456617,30.785256821228106
894,0.5130318733814089,4.358794387816526,19.172484260148433,27.116395213884633
895,0.5884480478887522,4.72494537360028,19.53528901569237,24.869654860145015
896,0.6683192287754367,4.9319228575096865,26.475914879207707,48.3315526968055
897,0.7184801551819305,5.215599394374526,23.685905975377228,44.339246581932315
898,0.7100112439594449,5.04273421650751,24.05478954541296,38.52654810709085
899,0.7057643144978519,5.075555114786654,23.950230633281112,39.15582835670033
900,0.6731181980659158,4.96828124842113,24.918080985620467,46.92536572507466
901,0.5646077398880724,4.260232397200872,25.67560609120975,34.812562616681866
902,0.7195519556909048,5.163881055638699,29.494762568309927,46.82943743499429
903,0.5368355218068044,3.984630264194531,30.962085818726635,50.51729593995288
904,0.6129037013333564,4.291775995242845,18.549555438579397,26.740824440153272
905,0.48079002766601225,3.645772091553384,27.28894996199313,46.65007003781505
906,0.7217823838385066,4.998373761129007,19.026745094361107,32.59107329078335
907,0.4928629924017711,4.04738439277684,33.81695271083303,62.00648121136366
908,0.7095548432181716,5.1423546393203745,35.24509460157949,58.43346101569399
909,0.7104165390515577,5.014325717283323,21.22783765606686,32.15973660250897
910,0.7016161188049318,5.014478552593548,36.10436831124805,57.834016698692416
911,0.6969124141061704,4.958423816065485,20.306290448936895,35.69399586018598
912,0.781337388065558,5.495831301748949,14.013893513156017,26.88736498947006
913,0.7062689515073007,5.148564933330044,36.47508379529036,63.13977964243768
914,0.47543777730896425,3.2017161689966596,37.06031042778743,63.970555441248685
915,0.47362179018171296,3.4552226542402273,25.653256589445352,39.00093321097709
916,0.682933566093016,4.983270198496601,17.12608922987458,22.843215645136027
917,0.7110477096744401,5.005844004656033,18.660443695109343,28.254101063954916
918,0.7215666081981321,5.028508824729328,27.00765419019817,38.81410399093918
919,0.7098115552052162,5.045393673328714,29.72636751248515,51.61235114708855
920,0.6085604853828308,5.597321673761737,19.90742148762763,31.481261414687204
921,0.7403297436092937,5.088019717516783,24.134381402663596,35.72891293934306
922,0.7295889041460367,5.097886578379124,14.399565261646266,23.83026505757829
923,0.6666590221614761,4.950198026477777,21.6186380698032,36.05286193888886
924,0.491614522509314,3.3037626270725235,17.51821125927149,22.801871751150333
925,0.7049914512550078,5.000571145023992,34.41259685304086,57.986681261638694
926,0.7244932751466752,5.120705793548079,25.954781743230114,39.20836980125984
927,0.7364949841080042,5.1116807954038785,12.7618083183354,15.63835271912089
928,0.39705153505062574,2.9581129041349303,34.698193150471944,55.333002724523304
929,0.4895769851701471,3.324771815376183,29.72935888387402,43.3398218879044
930,0.46067200241103445,3.139953206078139,22.574740756329266,29.098803648667143
931,0.7283823254466985,5.126157880662324,24.70724744749058,38.23350048820972
932,0.6724767772787607,4.927879061009651,22.570122093793316,37.68068999864904
933,0.6518353132713894,4.527948857109156,22.493052119552374,35.05354985209323
934,0.6917465742658192,5.018615646445016,34.48951483546776,62.875522026679924
935,0.6853510460456416,4.907958155958933,16.618857404449795,21.785822596750236
936,0.7214847819682576,5.015910101655601,31.55193944878877,51.594250473639306
937,0.7112021509815473,5.0337473843130125,22.29949713181704,29.98483568878824
938,0.3116300340774893,2.3208937455468086,19.59182625078275,28.05435515643643
939,0.7095748095802923,4.994756275006933,31.193997172632134,50.57694378856704
940,0.696200810641104,5.022639633251049,37.15552188725061,60.67240876180683
941,0.45958122365220977,3.598152528095266,28.788884760965402,40.212121860711754
942,0.6078596429604002,4.29499426354945,19.860309081313993,29.954210319383098
943,0.7527478692006403,5.1855846716895755,16.739466139497488,23.17950462625367
944,0.6707642759434145,4.957857210507679,19.361057449186767,30.712134529352166
945,0.4803919073008466,3.1334545117656902,22.680439884718815,33.39162628357118
946,0.501508022938862,4.359690450461272,22.258731532051993,28.964385464734953
947,0.7272967120696465,5.007545215153131,24.964184110728215,37.36174410672777
948,0.4517674872603565,3.4880399858116085,29.54816773525963,51.88678231066691
949,0.7361718495684992,5.1337891998759755,24.86998637326336,39.89216081137834
950,0.5918675463985488,4.873509084214981,34.059428835716226,56.145656254772064
951,0.6290556471932537,4.2656927550488515,25.374529824446125,44.85862062271199
952,0.7188682475517956,5.162482908081595,25.58004936725836,43.556731292326496
953,0.5087797096793307,4.129335143074165,26.44033583178067,49.90556813984596
954,0.5799394176266089,4.826075186169865,19.77890732057762,28.005915282883205
955,0.6140914373633839,4.304419936624977,24.41978030763227,38.9558229429836
956,0.7005518048671531,5.022727857324192,18.55842119185594,33.73143068871738
957,0.5578309027802197,4.070922109079664,27.328033215317063,51.26364147481055
958,0.6812504981857739,4.928219915997261,21.263017880038817,35.92605702238186
959,0.6597280016443186,4.840306122011853,30.48925495171385,49.6246713551871
960,0.7085066957410477,5.257270171671492,17.113332883193486,29.4418207981167
961,0.5757733493625178,4.227376089934742,30.947042335694196,50.9454582995824
962,0.7221784895738691,5.089174086137309,27.297177871913895,39.148361936180315
963,0.715140683111963,4.996231354779274,20.447127815329594,40.58556972849956
964,0.7341578706965954,5.031534764903432,29.1368974574358,51.70718307683497
965,0.7147402697919745,5.100922765361245,23.12865999056727,49.39499439327403
966,0.5959868387911443,5.043220971259744,35.44352968530984,58.48537993642162
967,0.7611217754000498,5.313071342817478,16.191302652824472,22.50878893917667
968,0.7135472440861699,5.143228390148921,28.426553789578026,44.224932910653635
969,0.7218425432017992,5.186844419237209,28.57396715192105,44.928875210040005
970,0.5801662836942824,4.5908426243545275,31.331531719347716,53.32523310434604
971,0.7464697537740911,5.33430981206248,11.997169720881493,15.86880164627106
972,0.7165177197570507,4.966054453685019,21.43277221162914,36.18010726927141
973,0.5856831988212416,4.443002823102067,20.952197533536125,35.76714456960236
974,0.6955298960144171,5.03888393784468,19.937140562006753,32.77386293350922
975,0.7550928271489434,5.113451731945969,25.003140642741847,37.9945131161516
976,0.719278184888812,5.149300675576093,18.232279778451208,24.39994496229693
977,0.7269170085136039,5.117356492265536,21.00875667228165,29.771776531356632
978,0.6991403940847836,5.250802778083531,19.481359578311476,33.25513895338958
979,0.7141469220763271,5.021634118395566,28.939053164780606,51.2380361775348
980,0.6655328742336721,4.529550080424402,26.19394192602319,43.18984260503362
981,0.7368210871075619,5.1378478785477615,23.65264605103522,39.13853038340267
982,0.7167089058271817,5.119009356458586,24.932984495676557,37.435097970156384
983,0.6640093945621185,4.938828207077512,21.568547801089323,37.15828603717887
984,0.7046287830603998,5.133655400609787,24.605470071177663,41.259205334343996
985,0.6715339416799433,4.540782692102988,28.91579981080867,45.2720866121566
986,0.6688893923262638,4.853132118175335,25.1923825181491,44.6881238929843
987,0.5414013682413934,3.8931913065030694,37.13729107224438,65.41059394509244
988,0.7067922567563821,5.0252760222106945,27.223533754795422,40.8577552815964
989,0.4429512899450526,3.081409232906648,18.13456691125052,26.287263728413848
990,0.7260807187530076,5.04412443392376,28.63576151689969,40.16861091707389
991,0.4608679018157101,3.4980905547285928,29.275409912647994,48.10533598336659
992,0.7180597267227603,5.34950150475776,19.688210016014196,39.40671159276381
993,0.7325589490318029,5.080514984900819,19.625771514443084,33.544886015547085
994,0.4972077220464297,4.235845522598784,24.25468655938426,44.120575605153185
995,0.7171975628711548,4.985662075435919,33.04822487866002,57.45880346441686
996,0.7094245853316709,5.098023668590736,25.856096813733682,42.15120120532977
997,0.539400020827986,4.256489992662415,24.972858344120965,41.695937438250965
998,0.7040761282280639,5.019348434784113,24.407679233909032,47.79706726111095
999,0.7188854256503961,5.0109035624636995,27.562910787306404,53.84940655242835
